SKU,Título,Categoria de origem,Decisão,Prioridade,Risco,Licença,Fonte,Status
PLR-0001,Segredos do Artigo Marketing,Marketing de conteúdo,ATUALIZAR,P2,MÉDIO,VERIFICAR POR PRODUTO,Bônus 1 / pasta descompactada,AUDITADO / TRIAGEM
PLR-0002,Redação Efetiva 101,Marketing de conteúdo,ATUALIZAR,P2,MÉDIO,VERIFICAR POR PRODUTO,Bônus 1 / pasta descompactada,AUDITADO / TRIAGEM
PLR-0003,Redação simplificada,Marketing de conteúdo,ATUALIZAR,P2,MÉDIO,VERIFICAR POR PRODUTO,Bônus 1 / pasta descompactada,AUDITADO / TRIAGEM
PLR-0004,O Guia Rápido para Copywriting na Web,Marketing de conteúdo,ATUALIZAR,P2,MÉDIO,VERIFICAR POR PRODUTO,Bônus 1 / pasta descompactada,AUDITADO / TRIAGEM
PLR-0005,Redação de alto impacto,Marketing de conteúdo,ATUALIZAR,P2,MÉDIO,VERIFICAR POR PRODUTO,Bônus 1 / pasta descompactada,AUDITADO / TRIAGEM
PLR-0006,O Guia Especializado para Marketing de Artigo,Marketing de conteúdo,ATUALIZAR,P2,MÉDIO,VERIFICAR POR PRODUTO,Bônus 1 / pasta descompactada,AUDITADO / TRIAGEM
PLR-0007,Guia Rápido e Fácil para Artigo marketing,Marketing de conteúdo,ATUALIZAR,P2,MÉDIO,VERIFICAR POR PRODUTO,Bônus 1 / pasta descompactada,AUDITADO / TRIAGEM
PLR-0008,Artigo Traffic Blitz,Marketing de conteúdo,ATUALIZAR,P2,MÉDIO,VERIFICAR POR PRODUTO,Bônus 1 / pasta descompactada,AUDITADO / TRIAGEM
PLR-0009,Artigos Mágicos,Marketing de conteúdo,ATUALIZAR,P2,MÉDIO,VERIFICAR POR PRODUTO,Bônus 1 / pasta descompactada,AUDITADO / TRIAGEM
PLR-0010,Copywriting Para Web,Marketing de conteúdo,ATUALIZAR,P2,MÉDIO,VERIFICAR POR PRODUTO,Bônus 1 / pasta descompactada,AUDITADO / TRIAGEM
PLR-0011,Ganhar Dinheiro Escrevendo,Marketing de conteúdo,ATUALIZAR,P2,MÉDIO,VERIFICAR POR PRODUTO,Bônus 1 / pasta descompactada,AUDITADO / TRIAGEM
PLR-0012,Artigo Marketing Simplificado,Marketing de conteúdo,ATUALIZAR,P2,MÉDIO,VERIFICAR POR PRODUTO,Bônus 1 / pasta descompactada,AUDITADO / TRIAGEM
PLR-0056,Transferência de arquivos FTP facilitada,Criação de sites,ATUALIZAR,P2,MÉDIO,VERIFICAR POR PRODUTO,Bônus 1 / pasta descompactada,AUDITADO / TRIAGEM
PLR-0057,Processadores de pagamento simplificados,Criação de sites,ATUALIZAR,P2,MÉDIO,VERIFICAR POR PRODUTO,Bônus 1 / pasta descompactada,AUDITADO / TRIAGEM
PLR-0058,Nomes de domínio simplificados,Criação de sites,ATUALIZAR,P2,MÉDIO,VERIFICAR POR PRODUTO,Bônus 1 / pasta descompactada,AUDITADO / TRIAGEM
PLR-0059,Guia de Hospedagem na Web,Criação de sites,ATUALIZAR,P2,MÉDIO,VERIFICAR POR PRODUTO,Bônus 1 / pasta descompactada,AUDITADO / TRIAGEM
PLR-0060,Configurando seu primeiro site comercial,Criação de sites,ATUALIZAR,P2,MÉDIO,VERIFICAR POR PRODUTO,Bônus 1 / pasta descompactada,AUDITADO / TRIAGEM
PLR-0061,Twitter para o Tweeple,Redes sociais,ATUALIZAR,P2,MÉDIO,VERIFICAR POR PRODUTO,Bônus 1 / pasta descompactada,AUDITADO / TRIAGEM
PLR-0062,Twitter e WordPress,Redes sociais,ATUALIZAR,P2,MÉDIO,VERIFICAR POR PRODUTO,Bônus 1 / pasta descompactada,AUDITADO / TRIAGEM
PLR-0063,Sinais sociais,Redes sociais,ATUALIZAR,P2,MÉDIO,VERIFICAR POR PRODUTO,Bônus 1 / pasta descompactada,AUDITADO / TRIAGEM
PLR-0064,Segredos de Marketing Social,Redes sociais,ATUALIZAR,P2,MÉDIO,VERIFICAR POR PRODUTO,Bônus 1 / pasta descompactada,AUDITADO / TRIAGEM
PLR-0065,Dólares da Fanpage,Redes sociais,ATUALIZAR,P2,MÉDIO,VERIFICAR POR PRODUTO,Bônus 1 / pasta descompactada,AUDITADO / TRIAGEM
PLR-0066,Facebook ADS,Redes sociais,ATUALIZAR,P2,MÉDIO,VERIFICAR POR PRODUTO,Bônus 1 / pasta descompactada,AUDITADO / TRIAGEM
PLR-0067,Facebook em mania de comerciantes da Internet,Redes sociais,ATUALIZAR,P2,MÉDIO,VERIFICAR POR PRODUTO,Bônus 1 / pasta descompactada,AUDITADO / TRIAGEM
PLR-0068,O poder das mídias sociais,Redes sociais,ATUALIZAR,P2,MÉDIO,VERIFICAR POR PRODUTO,Bônus 1 / pasta descompactada,AUDITADO / TRIAGEM
PLR-0107,The Paleo Blueprint,Marketing Digital diversos,ATUALIZAR,P2,MÉDIO,VERIFICAR POR PRODUTO,Bônus 1 / pasta descompactada,AUDITADO / TRIAGEM
PLR-0108,Segredos de marketing de bilhetes altos,Marketing Digital diversos,ATUALIZAR,P2,MÉDIO,VERIFICAR POR PRODUTO,Bônus 1 / pasta descompactada,AUDITADO / TRIAGEM
PLR-0109,Segredos de marketing do fórum,Marketing Digital diversos,ATUALIZAR,P2,MÉDIO,VERIFICAR POR PRODUTO,Bônus 1 / pasta descompactada,AUDITADO / TRIAGEM
PLR-0110,Segredos de um milhão de dólares dos associados da Amazon,Marketing Digital diversos,ATUALIZAR,P2,MÉDIO,VERIFICAR POR PRODUTO,Bônus 1 / pasta descompactada,AUDITADO / TRIAGEM
PLR-0111,Super Cash offline,Marketing Digital diversos,ATUALIZAR,P2,MÉDIO,VERIFICAR POR PRODUTO,Bônus 1 / pasta descompactada,AUDITADO / TRIAGEM
PLR-0112,Segredos das Squeeze Pages,Marketing Digital diversos,ATUALIZAR,P2,MÉDIO,VERIFICAR POR PRODUTO,Bônus 1 / pasta descompactada,AUDITADO / TRIAGEM
PLR-0113,Segredos das ofertas especiais do guerreiro,Marketing Digital diversos,ATUALIZAR,P2,MÉDIO,VERIFICAR POR PRODUTO,Bônus 1 / pasta descompactada,AUDITADO / TRIAGEM
PLR-0114,Relatórios gratuitos expostos,Marketing Digital diversos,ATUALIZAR,P2,MÉDIO,VERIFICAR POR PRODUTO,Bônus 1 / pasta descompactada,AUDITADO / TRIAGEM
PLR-0115,Quadrantes da personalidade que datam o guia,Marketing Digital diversos,ATUALIZAR,P2,MÉDIO,VERIFICAR POR PRODUTO,Bônus 1 / pasta descompactada,AUDITADO / TRIAGEM
PLR-0116,Principais problemas dos escritores,Marketing Digital diversos,ATUALIZAR,P2,MÉDIO,VERIFICAR POR PRODUTO,Bônus 1 / pasta descompactada,AUDITADO / TRIAGEM
PLR-0117,Princípios-chave para todos os empresários,Marketing Digital diversos,ATUALIZAR,P2,MÉDIO,VERIFICAR POR PRODUTO,Bônus 1 / pasta descompactada,AUDITADO / TRIAGEM
PLR-0118,Os iluminados do CPA,Marketing Digital diversos,ATUALIZAR,P2,MÉDIO,VERIFICAR POR PRODUTO,Bônus 1 / pasta descompactada,AUDITADO / TRIAGEM
PLR-0119,Overdrive de marketing no fórum,Marketing Digital diversos,ATUALIZAR,P2,MÉDIO,VERIFICAR POR PRODUTO,Bônus 1 / pasta descompactada,AUDITADO / TRIAGEM
PLR-0120,Para Kindle ou Não Kindle,Marketing Digital diversos,ATUALIZAR,P2,MÉDIO,VERIFICAR POR PRODUTO,Bônus 1 / pasta descompactada,AUDITADO / TRIAGEM
PLR-0121,Pense e fique rico para os empreendedores da Internet,Marketing Digital diversos,ATUALIZAR,P2,MÉDIO,VERIFICAR POR PRODUTO,Bônus 1 / pasta descompactada,AUDITADO / TRIAGEM
PLR-0122,Observação de pássaros para iniciantes,Marketing Digital diversos,ATUALIZAR,P2,MÉDIO,VERIFICAR POR PRODUTO,Bônus 1 / pasta descompactada,AUDITADO / TRIAGEM
PLR-0123,One Pucnh Touch,Marketing Digital diversos,ATUALIZAR,P2,MÉDIO,VERIFICAR POR PRODUTO,Bônus 1 / pasta descompactada,AUDITADO / TRIAGEM
PLR-0124,O Plano de 48 Horas,Marketing Digital diversos,ATUALIZAR,P2,MÉDIO,VERIFICAR POR PRODUTO,Bônus 1 / pasta descompactada,AUDITADO / TRIAGEM
PLR-0125,O mentor dos estrangeiros,Marketing Digital diversos,ATUALIZAR,P2,MÉDIO,VERIFICAR POR PRODUTO,Bônus 1 / pasta descompactada,AUDITADO / TRIAGEM
PLR-0126,O direito à construção do caráter,Marketing Digital diversos,ATUALIZAR,P2,MÉDIO,VERIFICAR POR PRODUTO,Bônus 1 / pasta descompactada,AUDITADO / TRIAGEM
PLR-0127,O caminho para os nichos,Marketing Digital diversos,ATUALIZAR,P2,MÉDIO,VERIFICAR POR PRODUTO,Bônus 1 / pasta descompactada,AUDITADO / TRIAGEM
PLR-0128,Máquinas de dinheiro dos afiliados,Marketing Digital diversos,ATUALIZAR,P2,MÉDIO,VERIFICAR POR PRODUTO,Bônus 1 / pasta descompactada,AUDITADO / TRIAGEM
PLR-0129,Muito Feliz Natal,Marketing Digital diversos,ATUALIZAR,P2,MÉDIO,VERIFICAR POR PRODUTO,Bônus 1 / pasta descompactada,AUDITADO / TRIAGEM
PLR-0130,Mostre-me o plano Parte 1,Marketing Digital diversos,ATUALIZAR,P2,MÉDIO,VERIFICAR POR PRODUTO,Bônus 1 / pasta descompactada,AUDITADO / TRIAGEM
PLR-0131,"Mostre-me o plano, parte 2",Marketing Digital diversos,ATUALIZAR,P2,MÉDIO,VERIFICAR POR PRODUTO,Bônus 1 / pasta descompactada,AUDITADO / TRIAGEM
PLR-0132,Marketing com infográficos,Marketing Digital diversos,ATUALIZAR,P2,MÉDIO,VERIFICAR POR PRODUTO,Bônus 1 / pasta descompactada,AUDITADO / TRIAGEM
PLR-0133,Marketing on-line para empresas off-line,Marketing Digital diversos,ATUALIZAR,P2,MÉDIO,VERIFICAR POR PRODUTO,Bônus 1 / pasta descompactada,AUDITADO / TRIAGEM
PLR-0134,Marketing Online,Marketing Digital diversos,ATUALIZAR,P2,MÉDIO,VERIFICAR POR PRODUTO,Bônus 1 / pasta descompactada,AUDITADO / TRIAGEM
PLR-0135,Milionário de encerramento,Marketing Digital diversos,ATUALIZAR,P2,MÉDIO,VERIFICAR POR PRODUTO,Bônus 1 / pasta descompactada,AUDITADO / TRIAGEM
PLR-0136,Lucros fáceis da publicação electrônica,Marketing Digital diversos,ATUALIZAR,P2,MÉDIO,VERIFICAR POR PRODUTO,Bônus 1 / pasta descompactada,AUDITADO / TRIAGEM
PLR-0137,Lucros automáticos instantâneos,Marketing Digital diversos,ATUALIZAR,P2,MÉDIO,VERIFICAR POR PRODUTO,Bônus 1 / pasta descompactada,AUDITADO / TRIAGEM
PLR-0138,iPods 101,Marketing Digital diversos,EXCLUIR,P3,ALTO,VERIFICAR POR PRODUTO,Bônus 1 / pasta descompactada,AUDITADO / TRIAGEM
PLR-0139,Início rápido do CPA,Marketing Digital diversos,ATUALIZAR,P2,MÉDIO,VERIFICAR POR PRODUTO,Bônus 1 / pasta descompactada,AUDITADO / TRIAGEM
PLR-0140,Guia para Marketing de Informação Bem-sucedido,Marketing Digital diversos,ATUALIZAR,P2,MÉDIO,VERIFICAR POR PRODUTO,Bônus 1 / pasta descompactada,AUDITADO / TRIAGEM
PLR-0141,Guia para o sucesso da publicação automática,Marketing Digital diversos,ATUALIZAR,P2,MÉDIO,VERIFICAR POR PRODUTO,Bônus 1 / pasta descompactada,AUDITADO / TRIAGEM
PLR-0142,Guia para eventos GiveAway,Marketing Digital diversos,ATUALIZAR,P2,MÉDIO,VERIFICAR POR PRODUTO,Bônus 1 / pasta descompactada,AUDITADO / TRIAGEM
PLR-0143,Gamificação de Negócios,Marketing Digital diversos,ATUALIZAR,P2,MÉDIO,VERIFICAR POR PRODUTO,Bônus 1 / pasta descompactada,AUDITADO / TRIAGEM
PLR-0144,Gerenciamento de tempo para estudantes universitários,Marketing Digital diversos,ATUALIZAR,P2,MÉDIO,VERIFICAR POR PRODUTO,Bônus 1 / pasta descompactada,AUDITADO / TRIAGEM
PLR-0145,Goin Veggies,Marketing Digital diversos,ATUALIZAR,P2,MÉDIO,VERIFICAR POR PRODUTO,Bônus 1 / pasta descompactada,AUDITADO / TRIAGEM
PLR-0146,Google Adsense para iniciantes,Marketing Digital diversos,ATUALIZAR,P2,MÉDIO,VERIFICAR POR PRODUTO,Bônus 1 / pasta descompactada,AUDITADO / TRIAGEM
PLR-0147,Foco,Marketing Digital diversos,ATUALIZAR,P2,MÉDIO,VERIFICAR POR PRODUTO,Bônus 1 / pasta descompactada,AUDITADO / TRIAGEM
PLR-0148,Fiverr Gold,Marketing Digital diversos,ATUALIZAR,P2,MÉDIO,VERIFICAR POR PRODUTO,Bônus 1 / pasta descompactada,AUDITADO / TRIAGEM
PLR-0149,Falar em Público Confiante Desbloqueado,Marketing Digital diversos,ATUALIZAR,P2,MÉDIO,VERIFICAR POR PRODUTO,Bônus 1 / pasta descompactada,AUDITADO / TRIAGEM
PLR-0150,E-book exposição de marketing,Marketing Digital diversos,ATUALIZAR,P2,MÉDIO,VERIFICAR POR PRODUTO,Bônus 1 / pasta descompactada,AUDITADO / TRIAGEM
PLR-0151,Estratégias de Vendas Atemporais,Marketing Digital diversos,ATUALIZAR,P2,MÉDIO,VERIFICAR POR PRODUTO,Bônus 1 / pasta descompactada,AUDITADO / TRIAGEM
PLR-0152,Dinheiro de Emergência com Freelancing,Marketing Digital diversos,ATUALIZAR,P2,MÉDIO,VERIFICAR POR PRODUTO,Bônus 1 / pasta descompactada,AUDITADO / TRIAGEM
PLR-0153,Direitos de Revenda Alternativos,Marketing Digital diversos,ATUALIZAR,P2,MÉDIO,VERIFICAR POR PRODUTO,Bônus 1 / pasta descompactada,AUDITADO / TRIAGEM
PLR-0154,Dominação desesperada do mercado,Marketing Digital diversos,ATUALIZAR,P2,MÉDIO,VERIFICAR POR PRODUTO,Bônus 1 / pasta descompactada,AUDITADO / TRIAGEM
PLR-0155,Domínio da Roda de Ligação,Marketing Digital diversos,ATUALIZAR,P2,MÉDIO,VERIFICAR POR PRODUTO,Bônus 1 / pasta descompactada,AUDITADO / TRIAGEM
PLR-0156,Deslize de comissão,Marketing Digital diversos,ATUALIZAR,P2,MÉDIO,VERIFICAR POR PRODUTO,Bônus 1 / pasta descompactada,AUDITADO / TRIAGEM
PLR-0157,Desbloqueando o código de nicho,Marketing Digital diversos,ATUALIZAR,P2,MÉDIO,VERIFICAR POR PRODUTO,Bônus 1 / pasta descompactada,AUDITADO / TRIAGEM
PLR-0158,Demitir seu chefe,Marketing Digital diversos,ATUALIZAR,P2,MÉDIO,VERIFICAR POR PRODUTO,Bônus 1 / pasta descompactada,AUDITADO / TRIAGEM
PLR-0159,Criando influência com sites de associação gratuitos,Marketing Digital diversos,ATUALIZAR,P2,MÉDIO,VERIFICAR POR PRODUTO,Bônus 1 / pasta descompactada,AUDITADO / TRIAGEM
PLR-0160,Crowdfunded,Marketing Digital diversos,ATUALIZAR,P2,MÉDIO,VERIFICAR POR PRODUTO,Bônus 1 / pasta descompactada,AUDITADO / TRIAGEM
PLR-0161,Como usar palavras para vender,Marketing Digital diversos,ATUALIZAR,P2,MÉDIO,VERIFICAR POR PRODUTO,Bônus 1 / pasta descompactada,AUDITADO / TRIAGEM
PLR-0162,7 elementos-chave,Marketing Digital diversos,ATUALIZAR,P2,MÉDIO,VERIFICAR POR PRODUTO,Bônus 1 / pasta descompactada,AUDITADO / TRIAGEM
PLR-0163,A história de sucesso da JVZoo,Marketing Digital diversos,ATUALIZAR,P2,MÉDIO,VERIFICAR POR PRODUTO,Bônus 1 / pasta descompactada,AUDITADO / TRIAGEM
PLR-0164,Bum Marketing,Marketing Digital diversos,ATUALIZAR,P2,MÉDIO,VERIFICAR POR PRODUTO,Bônus 1 / pasta descompactada,AUDITADO / TRIAGEM
PLR-0165,Como criar sua página de captura,Marketing Digital diversos,ATUALIZAR,P2,MÉDIO,VERIFICAR POR PRODUTO,Bônus 1 / pasta descompactada,AUDITADO / TRIAGEM
PLR-0166,Máquina de dinheiro da filial,Marketing de afiliados,ATUALIZAR,P2,MÉDIO,VERIFICAR POR PRODUTO,Bônus 1 / pasta descompactada,AUDITADO / TRIAGEM
PLR-0167,Idéias de Marketing de afiliados,Marketing de afiliados,ATUALIZAR,P2,MÉDIO,VERIFICAR POR PRODUTO,Bônus 1 / pasta descompactada,AUDITADO / TRIAGEM
PLR-0279,Segredos Optin,Email marketing,ATUALIZAR,P2,MÉDIO,VERIFICAR POR PRODUTO,Bônus 1 / pasta descompactada,AUDITADO / TRIAGEM
PLR-0280,Segredos da lista de discussão,Email marketing,ATUALIZAR,P2,MÉDIO,VERIFICAR POR PRODUTO,Bônus 1 / pasta descompactada,AUDITADO / TRIAGEM
PLR-0281,Os 10 principais erros de construção de listas,Email marketing,ATUALIZAR,P2,MÉDIO,VERIFICAR POR PRODUTO,Bônus 1 / pasta descompactada,AUDITADO / TRIAGEM
PLR-0282,Optar pela criação de listas para iniciantes,Email marketing,ATUALIZAR,P2,MÉDIO,VERIFICAR POR PRODUTO,Bônus 1 / pasta descompactada,AUDITADO / TRIAGEM
PLR-0283,Marketing de relacionamento com e-mails,Email marketing,ATUALIZAR,P2,MÉDIO,VERIFICAR POR PRODUTO,Bônus 1 / pasta descompactada,AUDITADO / TRIAGEM
PLR-0284,Marketing de e-mail de primeira qualidade,Email marketing,ATUALIZAR,P2,MÉDIO,VERIFICAR POR PRODUTO,Bônus 1 / pasta descompactada,AUDITADO / TRIAGEM
PLR-0285,Funis de vendas da lista de email,Email marketing,ATUALIZAR,P2,MÉDIO,VERIFICAR POR PRODUTO,Bônus 1 / pasta descompactada,AUDITADO / TRIAGEM
PLR-0286,List Building Essentials,Email marketing,ATUALIZAR,P2,MÉDIO,VERIFICAR POR PRODUTO,Bônus 1 / pasta descompactada,AUDITADO / TRIAGEM
PLR-0287,Estratégias de construção de lista que realmente funcionam,Email marketing,ATUALIZAR,P2,MÉDIO,VERIFICAR POR PRODUTO,Bônus 1 / pasta descompactada,AUDITADO / TRIAGEM
PLR-0288,Edifício da lista EZ,Email marketing,ATUALIZAR,P2,MÉDIO,VERIFICAR POR PRODUTO,Bônus 1 / pasta descompactada,AUDITADO / TRIAGEM
PLR-0289,Edifício Optimist,Email marketing,ATUALIZAR,P2,MÉDIO,VERIFICAR POR PRODUTO,Bônus 1 / pasta descompactada,AUDITADO / TRIAGEM
PLR-0290,Email Marketing para Iniciantes,Email marketing,ATUALIZAR,P2,MÉDIO,VERIFICAR POR PRODUTO,Bônus 1 / pasta descompactada,AUDITADO / TRIAGEM
PLR-0291,Email Marketing simplificado,Email marketing,ATUALIZAR,P2,MÉDIO,VERIFICAR POR PRODUTO,Bônus 1 / pasta descompactada,AUDITADO / TRIAGEM
PLR-0292,E-mail marketing de AZ,Email marketing,ATUALIZAR,P2,MÉDIO,VERIFICAR POR PRODUTO,Bônus 1 / pasta descompactada,AUDITADO / TRIAGEM
PLR-0293,Conversões máximas,Email marketing,ATUALIZAR,P2,MÉDIO,VERIFICAR POR PRODUTO,Bônus 1 / pasta descompactada,AUDITADO / TRIAGEM
PLR-0294,Criação de lista para iniciantes,Email marketing,ATUALIZAR,P2,MÉDIO,VERIFICAR POR PRODUTO,Bônus 1 / pasta descompactada,AUDITADO / TRIAGEM
PLR-0295,Criação de Lista Simplificada,Email marketing,ATUALIZAR,P2,MÉDIO,VERIFICAR POR PRODUTO,Bônus 1 / pasta descompactada,AUDITADO / TRIAGEM
PLR-0296,Construção de lista de resposta rápida,Email marketing,ATUALIZAR,P2,MÉDIO,VERIFICAR POR PRODUTO,Bônus 1 / pasta descompactada,AUDITADO / TRIAGEM
PLR-0297,Como escrever e-mails de sucesso,Email marketing,ATUALIZAR,P2,MÉDIO,VERIFICAR POR PRODUTO,Bônus 1 / pasta descompactada,AUDITADO / TRIAGEM
PLR-0298,7 Construção da lista de figuras,Email marketing,ATUALIZAR,P2,MÉDIO,VERIFICAR POR PRODUTO,Bônus 1 / pasta descompactada,AUDITADO / TRIAGEM
PLR-0331,Táticas de tráfego renegadas,Tráfego e SEO,ATUALIZAR,P2,MÉDIO,VERIFICAR POR PRODUTO,Bônus 1 / pasta descompactada,AUDITADO / TRIAGEM
PLR-0332,Tráfego de mídia social,Tráfego e SEO,ATUALIZAR,P2,MÉDIO,VERIFICAR POR PRODUTO,Bônus 1 / pasta descompactada,AUDITADO / TRIAGEM
PLR-0333,Sites da Web 2.0 expostos,Tráfego e SEO,ATUALIZAR,P2,MÉDIO,VERIFICAR POR PRODUTO,Bônus 1 / pasta descompactada,AUDITADO / TRIAGEM
PLR-0334,Sucesso de SEO facilitado,Tráfego e SEO,ATUALIZAR,P2,MÉDIO,VERIFICAR POR PRODUTO,Bônus 1 / pasta descompactada,AUDITADO / TRIAGEM
PLR-0335,SEO Extremo,Tráfego e SEO,ATUALIZAR,P2,MÉDIO,VERIFICAR POR PRODUTO,Bônus 1 / pasta descompactada,AUDITADO / TRIAGEM
PLR-0336,Segredos Simples de PPC,Tráfego e SEO,ATUALIZAR,P2,MÉDIO,VERIFICAR POR PRODUTO,Bônus 1 / pasta descompactada,AUDITADO / TRIAGEM
PLR-0337,Search Engine Manifesto,Tráfego e SEO,ATUALIZAR,P2,MÉDIO,VERIFICAR POR PRODUTO,Bônus 1 / pasta descompactada,AUDITADO / TRIAGEM
PLR-0338,Mecânico de Tráfego na Web,Tráfego e SEO,ATUALIZAR,P2,MÉDIO,VERIFICAR POR PRODUTO,Bônus 1 / pasta descompactada,AUDITADO / TRIAGEM
PLR-0339,Métodos de geração de tráfego online,Tráfego e SEO,ATUALIZAR,P2,MÉDIO,VERIFICAR POR PRODUTO,Bônus 1 / pasta descompactada,AUDITADO / TRIAGEM
PLR-0340,Pesquisa de palavras-chave desmistificada,Tráfego e SEO,ATUALIZAR,P2,MÉDIO,VERIFICAR POR PRODUTO,Bônus 1 / pasta descompactada,AUDITADO / TRIAGEM
PLR-0341,PPC facilitado,Tráfego e SEO,ATUALIZAR,P2,MÉDIO,VERIFICAR POR PRODUTO,Bônus 1 / pasta descompactada,AUDITADO / TRIAGEM
PLR-0342,Principais fontes de backlinks gratuitos,Tráfego e SEO,ATUALIZAR,P2,MÉDIO,VERIFICAR POR PRODUTO,Bônus 1 / pasta descompactada,AUDITADO / TRIAGEM
PLR-0343,Maneiras gratuitas e de baixo custo para aumentar o tráfego,Tráfego e SEO,ATUALIZAR,P2,MÉDIO,VERIFICAR POR PRODUTO,Bônus 1 / pasta descompactada,AUDITADO / TRIAGEM
PLR-0344,Mastermind do tráfego,Tráfego e SEO,ATUALIZAR,P2,MÉDIO,VERIFICAR POR PRODUTO,Bônus 1 / pasta descompactada,AUDITADO / TRIAGEM
PLR-0345,Guia do Insider para terceirizar seu edifício de backlink,Tráfego e SEO,ATUALIZAR,P2,MÉDIO,VERIFICAR POR PRODUTO,Bônus 1 / pasta descompactada,AUDITADO / TRIAGEM
PLR-0346,10 maneiras de escrever anúncios mais eficazes,Tráfego e SEO,ATUALIZAR,P2,MÉDIO,VERIFICAR POR PRODUTO,Bônus 1 / pasta descompactada,AUDITADO / TRIAGEM
PLR-0347,20 técnicas do Surefire para garantir a explosão da Web,Tráfego e SEO,ATUALIZAR,P2,MÉDIO,VERIFICAR POR PRODUTO,Bônus 1 / pasta descompactada,AUDITADO / TRIAGEM
PLR-0348,Backlinks explosivos,Tráfego e SEO,ATUALIZAR,P2,MÉDIO,VERIFICAR POR PRODUTO,Bônus 1 / pasta descompactada,AUDITADO / TRIAGEM
PLR-0349,Como obter uma classificação superior no Google,Tráfego e SEO,ATUALIZAR,P2,MÉDIO,VERIFICAR POR PRODUTO,Bônus 1 / pasta descompactada,AUDITADO / TRIAGEM
PLR-0350,VideoBlog Sensation,Blogging,ATUALIZAR,P2,MÉDIO,VERIFICAR POR PRODUTO,Bônus 1 / pasta descompactada,AUDITADO / TRIAGEM
PLR-0351,O Blog Completo e o Tutorial de Ping,Blogging,ATUALIZAR,P2,MÉDIO,VERIFICAR POR PRODUTO,Bônus 1 / pasta descompactada,AUDITADO / TRIAGEM
PLR-0352,Blogging Simplified,Blogging,ATUALIZAR,P2,MÉDIO,VERIFICAR POR PRODUTO,Bônus 1 / pasta descompactada,AUDITADO / TRIAGEM
PLR-0353,Ganhar dinheiro com seu blog,Blogging,ATUALIZAR,P2,MÉDIO,VERIFICAR POR PRODUTO,Bônus 1 / pasta descompactada,AUDITADO / TRIAGEM
PLR-0354,Lucros do blog,Blogging,ATUALIZAR,P2,MÉDIO,VERIFICAR POR PRODUTO,Bônus 1 / pasta descompactada,AUDITADO / TRIAGEM
PLR-0355,Noções básicas de blogs para iniciantes,Blogging,ATUALIZAR,P2,MÉDIO,VERIFICAR POR PRODUTO,Bônus 1 / pasta descompactada,AUDITADO / TRIAGEM
PLR-0363,Marketing de vídeo simplificado,Youtube Marketing,ATUALIZAR,P2,MÉDIO,VERIFICAR POR PRODUTO,Bônus 1 / pasta descompactada,AUDITADO / TRIAGEM
PLR-0364,Como obter 10 mil visualizações reais do YouTube em uma semana,Youtube Marketing,EXCLUIR,P3,ALTO,VERIFICAR POR PRODUTO,Bônus 1 / pasta descompactada,AUDITADO / TRIAGEM
PLR-0433,Marketing Líquido Livre da Dívida,Marketing de Rede,ATUALIZAR,P2,MÉDIO,VERIFICAR POR PRODUTO,ZIP auditado,AUDITADO / TRIAGEM
PLR-0434,Mecânica do Plano Diretor,Marketing de Rede,ATUALIZAR,P2,MÉDIO,VERIFICAR POR PRODUTO,ZIP auditado,AUDITADO / TRIAGEM
PLR-0435,Marketing de rede social-Extreme,Marketing de Rede,ATUALIZAR,P2,MÉDIO,VERIFICAR POR PRODUTO,ZIP auditado,AUDITADO / TRIAGEM
PLR-0436,Guia de Marketing de Rede,Marketing de Rede,ATUALIZAR,P2,MÉDIO,VERIFICAR POR PRODUTO,ZIP auditado,AUDITADO / TRIAGEM
PLR-0437,Rede-Marketing-Sobrevivência,Marketing de Rede,ATUALIZAR,P2,MÉDIO,VERIFICAR POR PRODUTO,ZIP auditado,AUDITADO / TRIAGEM
