SKU,Título,Categoria de origem,Decisão
PLR-0013,Maremoto de tráfego,Negócios,ATUALIZAR
PLR-0014,Modelos de negócios em casa,Negócios,ATUALIZAR
PLR-0015,Sobrevivência no Marketing de rede,Negócios,ATUALIZAR
PLR-0016,Táticas Para Ganhar Dinheiro,Negócios,ATUALIZAR
PLR-0017,Ganhar dinheiro online,Negócios,ATUALIZAR
PLR-0018,Evitar Golpes,Negócios,ATUALIZAR
PLR-0019,Estratégias para ganhar dinheiro,Negócios,ATUALIZAR
PLR-0020,Empregos online legítimos,Negócios,ATUALIZAR
PLR-0021,Como terceirizar qualquer coisa para qualquer pessoa - T,Negócios,ATUALIZAR
PLR-0022,Construindo o cérebro dos negócios,Negócios,ATUALIZAR
PLR-0023,O que você precisa saber sobre imóveis,Imóveis,ATUALIZAR
PLR-0024,O Guia de Insiders para Venda de Imóveis,Imóveis,ATUALIZAR
PLR-0025,Ganhar dinheiro investindo em imóveis,Imóveis,ATUALIZAR
PLR-0026,Como fazer sua casa vender,Imóveis,ATUALIZAR
PLR-0027,Criação de oportunidades de renda residual no setor imobiliário,Imóveis,ATUALIZAR
PLR-0168,Vendendo seu tempo compartilhado,Ganhar dinheiro,ATUALIZAR
PLR-0169,Tuberminator,Ganhar dinheiro,ATUALIZAR
PLR-0170,Vamos ganhar dinheiro online,Ganhar dinheiro,ATUALIZAR
PLR-0171,Trabalhar Online,Ganhar dinheiro,ATUALIZAR
PLR-0172,Tráfego segmentado simplificado,Ganhar dinheiro,ATUALIZAR
PLR-0173,Transformando o rebanho em dinheiro,Ganhar dinheiro,ATUALIZAR
PLR-0174,Truques sujos finais do mercado do Internet,Ganhar dinheiro,ATUALIZAR
PLR-0175,Terceirização simplificada,Ganhar dinheiro,ATUALIZAR
PLR-0176,Soluções inovadoras de vendas,Ganhar dinheiro,ATUALIZAR
PLR-0177,Sobrevivência no Marketing de Rede,Ganhar dinheiro,ATUALIZAR
PLR-0178,Segredos simples de afiliados,Ganhar dinheiro,ATUALIZAR
PLR-0179,Segredos de sucesso de bilheteria,Ganhar dinheiro,ATUALIZAR
PLR-0180,Segredos do funil de lucro,Ganhar dinheiro,ATUALIZAR
PLR-0181,O Pay Per Click Marketing Guia,Ganhar dinheiro,ATUALIZAR
PLR-0182,PayPal simplificado,Ganhar dinheiro,ATUALIZAR
PLR-0183,Principais táticas de afiliados,Ganhar dinheiro,ATUALIZAR
PLR-0184,Publicidade PPC simplificada,Ganhar dinheiro,ATUALIZAR
PLR-0185,O Internet Marketing Online Goldmine,Ganhar dinheiro,ATUALIZAR
PLR-0186,O Guia Especializado para Perseguir a Riqueza,Ganhar dinheiro,ATUALIZAR
PLR-0187,O guia especializado para lucrar com o eBay,Ganhar dinheiro,ATUALIZAR
PLR-0188,Nichos Explosivos,Ganhar dinheiro,ATUALIZAR
PLR-0189,Marketing Social Simplificado,Ganhar dinheiro,ATUALIZAR
PLR-0190,Marketing Pay Per Click AZ,Ganhar dinheiro,ATUALIZAR
PLR-0191,Marketing PPC simplificado,Ganhar dinheiro,ATUALIZAR
PLR-0192,Marketing de afiliados simplificado,Ganhar dinheiro,ATUALIZAR
PLR-0193,Marketing de CPA simplificado,Ganhar dinheiro,ATUALIZAR
PLR-0194,Marketing offline poderoso na era da Internet,Ganhar dinheiro,ATUALIZAR
PLR-0195,Marketing offline simplificado,Ganhar dinheiro,ATUALIZAR
PLR-0196,Marketing de afiliados AZ,Ganhar dinheiro,ATUALIZAR
PLR-0197,Manual do Money Finder não reclamado,Ganhar dinheiro,ATUALIZAR
PLR-0198,Manual do comerciante afiliado,Ganhar dinheiro,ATUALIZAR
PLR-0199,Lucros infinitos,Ganhar dinheiro,ATUALIZAR
PLR-0200,Lucros automatizados,Ganhar dinheiro,ATUALIZAR
PLR-0201,Lucros da caixa de entrada,Ganhar dinheiro,ATUALIZAR
PLR-0202,Lançando Fortunas,Ganhar dinheiro,ATUALIZAR
PLR-0203,Informações sobre 24 horas,Ganhar dinheiro,ATUALIZAR
PLR-0204,Guia para o Freelancer Online de Sucesso,Ganhar dinheiro,ATUALIZAR
PLR-0205,Guia de início rápido para lucros on-line fáceis,Ganhar dinheiro,ATUALIZAR
PLR-0206,Guia de sobrevivência ao empreendedorismo na Internet,Ganhar dinheiro,ATUALIZAR
PLR-0207,Guia do Insider para Forex Trading,Ganhar dinheiro,ATUALIZAR
PLR-0208,Guia para lucrar com eBay,Ganhar dinheiro,ATUALIZAR
PLR-0209,Guia de início rápido,Ganhar dinheiro,ATUALIZAR
PLR-0210,Goldmine Freelance,Ganhar dinheiro,ATUALIZAR
PLR-0211,Google AdSense de AZ,Ganhar dinheiro,ATUALIZAR
PLR-0212,Ganhar dinheiro online,Ganhar dinheiro,ATUALIZAR
PLR-0213,Gatilhos de compra testados pelo cliente,Ganhar dinheiro,ATUALIZAR
PLR-0214,eZine Marketing AZ,Ganhar dinheiro,ATUALIZAR
PLR-0215,Explosão de vendas online,Ganhar dinheiro,ATUALIZAR
PLR-0216,Ebay PowerSeller,Ganhar dinheiro,ATUALIZAR
PLR-0217,Enriqueça enquanto dorme,Ganhar dinheiro,EXCLUIR
PLR-0218,Estratégias de criação de caixa,Ganhar dinheiro,ATUALIZAR
PLR-0219,Estratégias Extremas de Persuasão,Ganhar dinheiro,ATUALIZAR
PLR-0220,Dinheiro rápido agora,Ganhar dinheiro,ATUALIZAR
PLR-0221,Dinheiro offline facilitado,Ganhar dinheiro,ATUALIZAR
PLR-0222,Dinheiro de Avaliações,Ganhar dinheiro,ATUALIZAR
PLR-0223,Dinheiro do aplicativo para iPhone e iPad,Ganhar dinheiro,ATUALIZAR
PLR-0224,Dicas Top Secret eBay,Ganhar dinheiro,ATUALIZAR
PLR-0225,Dicas incríveis de publicidade,Ganhar dinheiro,ATUALIZAR
PLR-0226,Dia de Pagamento de 1 Hora,Ganhar dinheiro,EXCLUIR
PLR-0227,Crie seu próprio produto em 5 etapas fáceis,Ganhar dinheiro,ATUALIZAR
PLR-0228,Como vender suprimentos para festas,Ganhar dinheiro,ATUALIZAR
PLR-0229,Criação de Ebook para leigos,Ganhar dinheiro,ATUALIZAR
PLR-0230,Criação rápida de produtos de nicho simplificada,Ganhar dinheiro,ATUALIZAR
PLR-0231,Criando um negócio on-line 101,Ganhar dinheiro,ATUALIZAR
PLR-0232,Como Vender Software,Ganhar dinheiro,ATUALIZAR
PLR-0233,Como vender produtos para gramado e jardim,Ganhar dinheiro,ATUALIZAR
PLR-0234,Como vender roupas,Ganhar dinheiro,ATUALIZAR
PLR-0235,Como vender produtos para bebês,Ganhar dinheiro,ATUALIZAR
PLR-0236,Como vender produtos para animais de estimação,Ganhar dinheiro,ATUALIZAR
PLR-0237,Como vender produtos dietéticos,Ganhar dinheiro,ATUALIZAR
PLR-0238,Como vender produtos de melhoramento da casa,Ganhar dinheiro,ATUALIZAR
PLR-0239,Como vender música,Ganhar dinheiro,ATUALIZAR
PLR-0240,Como vender jogos de vídeo,Ganhar dinheiro,ATUALIZAR
PLR-0241,Como vender jóias,Ganhar dinheiro,ATUALIZAR
PLR-0242,Como vender livros e revistas,Ganhar dinheiro,ATUALIZAR
PLR-0243,Como Vender Móveis,Ganhar dinheiro,ATUALIZAR
PLR-0244,Como vender filmes,Ganhar dinheiro,ATUALIZAR
PLR-0245,Como vender equipamentos esportivos,Ganhar dinheiro,ATUALIZAR
PLR-0246,Como vender cosméticos,Ganhar dinheiro,ATUALIZAR
PLR-0247,Como Vender Eletrodomésticos,Ganhar dinheiro,ATUALIZAR
PLR-0248,Como Vender Brinquedos,Ganhar dinheiro,ATUALIZAR
PLR-0249,Como Ganhar Dinheiro Online com um Blog Blogger Gratuito,Ganhar dinheiro,ATUALIZAR
PLR-0250,Como explodir suas vendas,Ganhar dinheiro,ATUALIZAR
PLR-0251,Como determinar um preço justo do seu produto Serviço,Ganhar dinheiro,ATUALIZAR
PLR-0252,Clientes Ilimitados Goldmine,Ganhar dinheiro,ATUALIZAR
PLR-0253,Bass Fishing 101,Ganhar dinheiro,ATUALIZAR
PLR-0254,Batendo a besta Goldmine,Ganhar dinheiro,ATUALIZAR
PLR-0255,Bum Marketing Simplificado,Ganhar dinheiro,ATUALIZAR
PLR-0256,Bússola de afiliados,Ganhar dinheiro,ATUALIZAR
PLR-0257,7 Perguntas infames sobre direitos de revenda respondidas,Ganhar dinheiro,ATUALIZAR
PLR-0258,Armadilhas do Marketing de Rede,Ganhar dinheiro,ATUALIZAR
PLR-0259,7 dias para dinheiro fácil,Ganhar dinheiro,ATUALIZAR
PLR-0260,62 maneiras de economizar dinheiro na bomba de gás,Ganhar dinheiro,ATUALIZAR
PLR-0261,5 maneiras super fáceis de ganhar dinheiro offline,Ganhar dinheiro,ATUALIZAR
PLR-0262,5 etapas rentáveis para criar produtos de informações,Ganhar dinheiro,ATUALIZAR
PLR-0263,15 principais maneiras de economizar dinheiro,Ganhar dinheiro,ATUALIZAR
PLR-0264,1000 em uma semana no eBay,Ganhar dinheiro,EXCLUIR
