SKU,Categoria,Título original,Decisão,Prioridade,Risco,Profundidade da auditoria,Preço indicativo,Pack sugerido,Licença,Fonte,Status
PLR-0001,Marketing de conteúdo,Segredos do Artigo Marketing,ATUALIZAR,P2,MÉDIO,TÍTULO/PASTA,"R$ 19,90–39,90 após revisão",Pack Marketing Digital,VERIFICAR POR PRODUTO,Bônus 1 / pasta descompactada,AUDITADO / TRIAGEM
PLR-0002,Marketing de conteúdo,Redação Efetiva 101,ATUALIZAR,P2,MÉDIO,TÍTULO/PASTA,"R$ 19,90–39,90 após revisão",Pack Marketing Digital,VERIFICAR POR PRODUTO,Bônus 1 / pasta descompactada,AUDITADO / TRIAGEM
PLR-0003,Marketing de conteúdo,Redação simplificada,ATUALIZAR,P2,MÉDIO,TÍTULO/PASTA,"R$ 19,90–39,90 após revisão",Pack Marketing Digital,VERIFICAR POR PRODUTO,Bônus 1 / pasta descompactada,AUDITADO / TRIAGEM
PLR-0004,Marketing de conteúdo,O Guia Rápido para Copywriting na Web,ATUALIZAR,P2,MÉDIO,TÍTULO/PASTA,"R$ 19,90–39,90 após revisão",Pack Marketing Digital,VERIFICAR POR PRODUTO,Bônus 1 / pasta descompactada,AUDITADO / TRIAGEM
PLR-0005,Marketing de conteúdo,Redação de alto impacto,ATUALIZAR,P2,MÉDIO,TÍTULO/PASTA,"R$ 19,90–39,90 após revisão",Pack Marketing Digital,VERIFICAR POR PRODUTO,Bônus 1 / pasta descompactada,AUDITADO / TRIAGEM
PLR-0006,Marketing de conteúdo,O Guia Especializado para Marketing de Artigo,ATUALIZAR,P2,MÉDIO,TÍTULO/PASTA,"R$ 19,90–39,90 após revisão",Pack Marketing Digital,VERIFICAR POR PRODUTO,Bônus 1 / pasta descompactada,AUDITADO / TRIAGEM
PLR-0007,Marketing de conteúdo,Guia Rápido e Fácil para Artigo marketing,ATUALIZAR,P2,MÉDIO,TÍTULO/PASTA,"R$ 19,90–39,90 após revisão",Pack Marketing Digital,VERIFICAR POR PRODUTO,Bônus 1 / pasta descompactada,AUDITADO / TRIAGEM
PLR-0008,Marketing de conteúdo,Artigo Traffic Blitz,ATUALIZAR,P2,MÉDIO,TÍTULO/PASTA,"R$ 19,90–39,90 após revisão",Pack Marketing Digital,VERIFICAR POR PRODUTO,Bônus 1 / pasta descompactada,AUDITADO / TRIAGEM
PLR-0009,Marketing de conteúdo,Artigos Mágicos,ATUALIZAR,P2,MÉDIO,TÍTULO/PASTA,"R$ 19,90–39,90 após revisão",Pack Marketing Digital,VERIFICAR POR PRODUTO,Bônus 1 / pasta descompactada,AUDITADO / TRIAGEM
PLR-0010,Marketing de conteúdo,Copywriting Para Web,ATUALIZAR,P2,MÉDIO,TÍTULO/PASTA,"R$ 19,90–39,90 após revisão",Pack Marketing Digital,VERIFICAR POR PRODUTO,Bônus 1 / pasta descompactada,AUDITADO / TRIAGEM
PLR-0011,Marketing de conteúdo,Ganhar Dinheiro Escrevendo,ATUALIZAR,P2,MÉDIO,TÍTULO/PASTA,"R$ 19,90–39,90 após revisão",Pack Marketing Digital,VERIFICAR POR PRODUTO,Bônus 1 / pasta descompactada,AUDITADO / TRIAGEM
PLR-0012,Marketing de conteúdo,Artigo Marketing Simplificado,ATUALIZAR,P2,MÉDIO,TÍTULO/PASTA,"R$ 19,90–39,90 após revisão",Pack Marketing Digital,VERIFICAR POR PRODUTO,Bônus 1 / pasta descompactada,AUDITADO / TRIAGEM
PLR-0013,Negócios,Maremoto de tráfego,ATUALIZAR,P2,MÉDIO,TÍTULO/PASTA,"R$ 19,90–39,90 após revisão",Pack Negócios,VERIFICAR POR PRODUTO,Bônus 1 / pasta descompactada,AUDITADO / TRIAGEM
PLR-0014,Negócios,Modelos de negócios em casa,ATUALIZAR,P2,MÉDIO,TÍTULO/PASTA,"R$ 19,90–39,90 após revisão",Pack Negócios,VERIFICAR POR PRODUTO,Bônus 1 / pasta descompactada,AUDITADO / TRIAGEM
PLR-0015,Negócios,Sobrevivência no Marketing de rede,ATUALIZAR,P2,MÉDIO,TÍTULO/PASTA,"R$ 19,90–39,90 após revisão",Pack Negócios,VERIFICAR POR PRODUTO,Bônus 1 / pasta descompactada,AUDITADO / TRIAGEM
PLR-0016,Negócios,Táticas Para Ganhar Dinheiro,ATUALIZAR,P2,MÉDIO,TÍTULO/PASTA,"R$ 19,90–39,90 após revisão",Pack Negócios,VERIFICAR POR PRODUTO,Bônus 1 / pasta descompactada,AUDITADO / TRIAGEM
PLR-0017,Negócios,Ganhar dinheiro online,ATUALIZAR,P2,MÉDIO,TÍTULO/PASTA,"R$ 19,90–39,90 após revisão",Pack Negócios,VERIFICAR POR PRODUTO,Bônus 1 / pasta descompactada,AUDITADO / TRIAGEM
PLR-0018,Negócios,Evitar Golpes,ATUALIZAR,P2,MÉDIO,TÍTULO/PASTA,"R$ 19,90–39,90 após revisão",Pack Negócios,VERIFICAR POR PRODUTO,Bônus 1 / pasta descompactada,AUDITADO / TRIAGEM
PLR-0019,Negócios,Estratégias para ganhar dinheiro,ATUALIZAR,P2,MÉDIO,TÍTULO/PASTA,"R$ 19,90–39,90 após revisão",Pack Negócios,VERIFICAR POR PRODUTO,Bônus 1 / pasta descompactada,AUDITADO / TRIAGEM
PLR-0020,Negócios,Empregos online legítimos,ATUALIZAR,P2,MÉDIO,TÍTULO/PASTA,"R$ 19,90–39,90 após revisão",Pack Negócios,VERIFICAR POR PRODUTO,Bônus 1 / pasta descompactada,AUDITADO / TRIAGEM
PLR-0021,Negócios,Como terceirizar qualquer coisa para qualquer pessoa - T,ATUALIZAR,P2,MÉDIO,TÍTULO/PASTA,"R$ 19,90–39,90 após revisão",Pack Negócios,VERIFICAR POR PRODUTO,Bônus 1 / pasta descompactada,AUDITADO / TRIAGEM
PLR-0022,Negócios,Construindo o cérebro dos negócios,ATUALIZAR,P2,MÉDIO,TÍTULO/PASTA,"R$ 19,90–39,90 após revisão",Pack Negócios,VERIFICAR POR PRODUTO,Bônus 1 / pasta descompactada,AUDITADO / TRIAGEM
PLR-0023,Imóveis,O que você precisa saber sobre imóveis,ATUALIZAR,P2,MÉDIO/ALTO,TÍTULO/PASTA,"R$ 19,90–39,90 após revisão",Pack Imóveis,VERIFICAR POR PRODUTO,Bônus 1 / pasta descompactada,AUDITADO / TRIAGEM
PLR-0024,Imóveis,O Guia de Insiders para Venda de Imóveis,ATUALIZAR,P2,MÉDIO/ALTO,TÍTULO/PASTA,"R$ 19,90–39,90 após revisão",Pack Imóveis,VERIFICAR POR PRODUTO,Bônus 1 / pasta descompactada,AUDITADO / TRIAGEM
PLR-0025,Imóveis,Ganhar dinheiro investindo em imóveis,ATUALIZAR,P2,MÉDIO/ALTO,TÍTULO/PASTA,"R$ 19,90–39,90 após revisão",Pack Imóveis,VERIFICAR POR PRODUTO,Bônus 1 / pasta descompactada,AUDITADO / TRIAGEM
PLR-0026,Imóveis,Como fazer sua casa vender,ATUALIZAR,P2,MÉDIO/ALTO,TÍTULO/PASTA,"R$ 19,90–39,90 após revisão",Pack Imóveis,VERIFICAR POR PRODUTO,Bônus 1 / pasta descompactada,AUDITADO / TRIAGEM
PLR-0027,Imóveis,Criação de oportunidades de renda residual no setor imobiliário,ATUALIZAR,P2,MÉDIO/ALTO,TÍTULO/PASTA,"R$ 19,90–39,90 após revisão",Pack Imóveis,VERIFICAR POR PRODUTO,Bônus 1 / pasta descompactada,AUDITADO / TRIAGEM
PLR-0028,História,Os dragões da Internet da Ásia,ATUALIZAR,P2,MÉDIO,TÍTULO/PASTA,"R$ 19,90–39,90 após revisão",Pack História,VERIFICAR POR PRODUTO,Bônus 1 / pasta descompactada,AUDITADO / TRIAGEM
PLR-0029,História,Alavancagem do século XXI,ATUALIZAR,P2,MÉDIO,TÍTULO/PASTA,"R$ 19,90–39,90 após revisão",Pack História,VERIFICAR POR PRODUTO,Bônus 1 / pasta descompactada,AUDITADO / TRIAGEM
PLR-0030,Finanças,Orçamento Familiar,ATUALIZAR,P2,MÉDIO/ALTO,TÍTULO/PASTA,"R$ 19,90–39,90 após revisão",Pack Finanças,VERIFICAR POR PRODUTO,Bônus 1 / pasta descompactada,AUDITADO / TRIAGEM
PLR-0031,Finanças,Extração de dinheiro,ATUALIZAR,P2,MÉDIO/ALTO,TÍTULO/PASTA,"R$ 19,90–39,90 após revisão",Pack Finanças,VERIFICAR POR PRODUTO,Bônus 1 / pasta descompactada,AUDITADO / TRIAGEM
PLR-0032,Finanças,Liberte o gigante financeiro interior!,ATUALIZAR,P2,MÉDIO/ALTO,TÍTULO/PASTA,"R$ 19,90–39,90 após revisão",Pack Finanças,VERIFICAR POR PRODUTO,Bônus 1 / pasta descompactada,AUDITADO / TRIAGEM
PLR-0033,Finanças,Empréstimos estudantis explicados,ATUALIZAR,P2,MÉDIO/ALTO,TÍTULO/PASTA,"R$ 19,90–39,90 após revisão",Pack Finanças,VERIFICAR POR PRODUTO,Bônus 1 / pasta descompactada,AUDITADO / TRIAGEM
PLR-0034,Finanças,Encontrando Dinheiro,ATUALIZAR,P2,MÉDIO/ALTO,TÍTULO/PASTA,"R$ 19,90–39,90 após revisão",Pack Finanças,VERIFICAR POR PRODUTO,Bônus 1 / pasta descompactada,AUDITADO / TRIAGEM
PLR-0035,Finanças,Desenvolva seu QI financeiro,ATUALIZAR,P2,MÉDIO/ALTO,TÍTULO/PASTA,"R$ 19,90–39,90 após revisão",Pack Finanças,VERIFICAR POR PRODUTO,Bônus 1 / pasta descompactada,AUDITADO / TRIAGEM
PLR-0036,Emagrecimento e saúde,Os principais golpes de dieta revelados,REVISÃO ESPECIALIZADA,P2,ALTO,TÍTULO/PASTA,Definir após revisão,Pack Bem-estar (após revisão),VERIFICAR POR PRODUTO,Bônus 1 / pasta descompactada,AUDITADO / TRIAGEM
PLR-0037,Emagrecimento e saúde,Perda de peso e você,REVISÃO ESPECIALIZADA,P2,ALTO,TÍTULO/PASTA,Definir após revisão,Pack Bem-estar (após revisão),VERIFICAR POR PRODUTO,Bônus 1 / pasta descompactada,AUDITADO / TRIAGEM
PLR-0038,Emagrecimento e saúde,Segredos da dieta de Paleo,REVISÃO ESPECIALIZADA,P2,ALTO,TÍTULO/PASTA,Definir após revisão,Pack Bem-estar (após revisão),VERIFICAR POR PRODUTO,Bônus 1 / pasta descompactada,AUDITADO / TRIAGEM
PLR-0039,Emagrecimento e saúde,Segredos de musculação revelados,REVISÃO ESPECIALIZADA,P2,ALTO,TÍTULO/PASTA,Definir após revisão,Pack Bem-estar (após revisão),VERIFICAR POR PRODUTO,Bônus 1 / pasta descompactada,AUDITADO / TRIAGEM
PLR-0040,Emagrecimento e saúde,Os 10 principais mitos da perda de gordura,REVISÃO ESPECIALIZADA,P2,ALTO,TÍTULO/PASTA,Definir após revisão,Pack Bem-estar (após revisão),VERIFICAR POR PRODUTO,Bônus 1 / pasta descompactada,AUDITADO / TRIAGEM
PLR-0041,Emagrecimento e saúde,Livrar-se de Bell,REVISÃO ESPECIALIZADA,P2,ALTO,TÍTULO/PASTA,Definir após revisão,Pack Bem-estar (após revisão),VERIFICAR POR PRODUTO,Bônus 1 / pasta descompactada,AUDITADO / TRIAGEM
PLR-0042,Emagrecimento e saúde,Abs dinâmico de seis unidades,REVISÃO ESPECIALIZADA,P2,ALTO,TÍTULO/PASTA,Definir após revisão,Pack Bem-estar (após revisão),VERIFICAR POR PRODUTO,Bônus 1 / pasta descompactada,AUDITADO / TRIAGEM
PLR-0043,Emagrecimento e saúde,100 dicas de perda de peso,REVISÃO ESPECIALIZADA,P2,ALTO,TÍTULO/PASTA,Definir após revisão,Pack Bem-estar (após revisão),VERIFICAR POR PRODUTO,Bônus 1 / pasta descompactada,AUDITADO / TRIAGEM
PLR-0044,Decoração,Pontas Home da decoração do orçamento,PUBLICAR APÓS QA,P1,BAIXO/MÉDIO,TÍTULO/PASTA,"R$ 14,90–29,90",Pack Casa & Jardim,VERIFICAR POR PRODUTO,Bônus 1 / pasta descompactada,AUDITADO / TRIAGEM
PLR-0045,Decoração,Banho e Beleza Corporal,PUBLICAR APÓS QA,P1,BAIXO/MÉDIO,TÍTULO/PASTA,"R$ 14,90–29,90",Pack Casa & Jardim,VERIFICAR POR PRODUTO,Bônus 1 / pasta descompactada,AUDITADO / TRIAGEM
PLR-0046,Decoração,Como tornar sua casa eficiente em termos de energia e custo,PUBLICAR APÓS QA,P1,BAIXO/MÉDIO,TÍTULO/PASTA,"R$ 14,90–29,90",Pack Casa & Jardim,VERIFICAR POR PRODUTO,Bônus 1 / pasta descompactada,AUDITADO / TRIAGEM
PLR-0047,Decoração,Dicas para melhorar sua casa,PUBLICAR APÓS QA,P1,BAIXO/MÉDIO,TÍTULO/PASTA,"R$ 14,90–29,90",Pack Casa & Jardim,VERIFICAR POR PRODUTO,Bônus 1 / pasta descompactada,AUDITADO / TRIAGEM
PLR-0048,Decoração,Energia renovável,PUBLICAR APÓS QA,P1,BAIXO/MÉDIO,TÍTULO/PASTA,"R$ 14,90–29,90",Pack Casa & Jardim,VERIFICAR POR PRODUTO,Bônus 1 / pasta descompactada,AUDITADO / TRIAGEM
PLR-0049,Culinária,Fundamentos da culinária,PUBLICAR APÓS QA,P1,BAIXO/MÉDIO,TÍTULO/PASTA,"R$ 14,90–29,90",Pack Culinária & Receitas,VERIFICAR POR PRODUTO,Bônus 1 / pasta descompactada,AUDITADO / TRIAGEM
PLR-0050,Culinária,Receitas de chocolate e cacau,PUBLICAR APÓS QA,P1,BAIXO/MÉDIO,TÍTULO/PASTA,"R$ 14,90–29,90",Pack Culinária & Receitas,VERIFICAR POR PRODUTO,Bônus 1 / pasta descompactada,AUDITADO / TRIAGEM
PLR-0051,Culinária,Estratégias de Molho Secreto,PUBLICAR APÓS QA,P1,BAIXO/MÉDIO,TÍTULO/PASTA,"R$ 14,90–29,90",Pack Culinária & Receitas,VERIFICAR POR PRODUTO,Bônus 1 / pasta descompactada,AUDITADO / TRIAGEM
PLR-0052,Culinária,Fazendo Chocolate 101,PUBLICAR APÓS QA,P1,BAIXO/MÉDIO,TÍTULO/PASTA,"R$ 14,90–29,90",Pack Culinária & Receitas,VERIFICAR POR PRODUTO,Bônus 1 / pasta descompactada,AUDITADO / TRIAGEM
PLR-0053,Culinária,Defendendo um estilo de vida vegetariano,PUBLICAR APÓS QA,P1,BAIXO/MÉDIO,TÍTULO/PASTA,"R$ 14,90–29,90",Pack Culinária & Receitas,VERIFICAR POR PRODUTO,Bônus 1 / pasta descompactada,AUDITADO / TRIAGEM
PLR-0054,Culinária,101 dicas e técnicas para cozinhar como um chef,PUBLICAR APÓS QA,P1,BAIXO/MÉDIO,TÍTULO/PASTA,"R$ 14,90–29,90",Pack Culinária & Receitas,VERIFICAR POR PRODUTO,Bônus 1 / pasta descompactada,AUDITADO / TRIAGEM
PLR-0055,Construção,Negócio de tijolo e argamassa para iniciantes,ATUALIZAR,P2,MÉDIO,TÍTULO/PASTA,"R$ 19,90–39,90 após revisão",Pack Casa & Jardim,VERIFICAR POR PRODUTO,Bônus 1 / pasta descompactada,AUDITADO / TRIAGEM
PLR-0056,Criação de sites,Transferência de arquivos FTP facilitada,ATUALIZAR,P2,MÉDIO,TÍTULO/PASTA,"R$ 19,90–39,90 após revisão",Pack Criação de sites,VERIFICAR POR PRODUTO,Bônus 1 / pasta descompactada,AUDITADO / TRIAGEM
PLR-0057,Criação de sites,Processadores de pagamento simplificados,ATUALIZAR,P2,MÉDIO,TÍTULO/PASTA,"R$ 19,90–39,90 após revisão",Pack Criação de sites,VERIFICAR POR PRODUTO,Bônus 1 / pasta descompactada,AUDITADO / TRIAGEM
PLR-0058,Criação de sites,Nomes de domínio simplificados,ATUALIZAR,P2,MÉDIO,TÍTULO/PASTA,"R$ 19,90–39,90 após revisão",Pack Criação de sites,VERIFICAR POR PRODUTO,Bônus 1 / pasta descompactada,AUDITADO / TRIAGEM
PLR-0059,Criação de sites,Guia de Hospedagem na Web,ATUALIZAR,P2,MÉDIO,TÍTULO/PASTA,"R$ 19,90–39,90 após revisão",Pack Criação de sites,VERIFICAR POR PRODUTO,Bônus 1 / pasta descompactada,AUDITADO / TRIAGEM
PLR-0060,Criação de sites,Configurando seu primeiro site comercial,ATUALIZAR,P2,MÉDIO,TÍTULO/PASTA,"R$ 19,90–39,90 após revisão",Pack Criação de sites,VERIFICAR POR PRODUTO,Bônus 1 / pasta descompactada,AUDITADO / TRIAGEM
PLR-0061,Redes sociais,Twitter para o Tweeple,ATUALIZAR,P2,MÉDIO,TÍTULO/PASTA,"R$ 19,90–39,90 após revisão",Pack Marketing Digital,VERIFICAR POR PRODUTO,Bônus 1 / pasta descompactada,AUDITADO / TRIAGEM
PLR-0062,Redes sociais,Twitter e WordPress,ATUALIZAR,P2,MÉDIO,TÍTULO/PASTA,"R$ 19,90–39,90 após revisão",Pack Marketing Digital,VERIFICAR POR PRODUTO,Bônus 1 / pasta descompactada,AUDITADO / TRIAGEM
PLR-0063,Redes sociais,Sinais sociais,ATUALIZAR,P2,MÉDIO,TÍTULO/PASTA,"R$ 19,90–39,90 após revisão",Pack Marketing Digital,VERIFICAR POR PRODUTO,Bônus 1 / pasta descompactada,AUDITADO / TRIAGEM
PLR-0064,Redes sociais,Segredos de Marketing Social,ATUALIZAR,P2,MÉDIO,TÍTULO/PASTA,"R$ 19,90–39,90 após revisão",Pack Marketing Digital,VERIFICAR POR PRODUTO,Bônus 1 / pasta descompactada,AUDITADO / TRIAGEM
PLR-0065,Redes sociais,Dólares da Fanpage,ATUALIZAR,P2,MÉDIO,TÍTULO/PASTA,"R$ 19,90–39,90 após revisão",Pack Marketing Digital,VERIFICAR POR PRODUTO,Bônus 1 / pasta descompactada,AUDITADO / TRIAGEM
PLR-0066,Redes sociais,Facebook ADS,ATUALIZAR,P2,MÉDIO,TÍTULO/PASTA,"R$ 19,90–39,90 após revisão",Pack Marketing Digital,VERIFICAR POR PRODUTO,Bônus 1 / pasta descompactada,AUDITADO / TRIAGEM
PLR-0067,Redes sociais,Facebook em mania de comerciantes da Internet,ATUALIZAR,P2,MÉDIO,TÍTULO/PASTA,"R$ 19,90–39,90 após revisão",Pack Marketing Digital,VERIFICAR POR PRODUTO,Bônus 1 / pasta descompactada,AUDITADO / TRIAGEM
PLR-0068,Redes sociais,O poder das mídias sociais,ATUALIZAR,P2,MÉDIO,TÍTULO/PASTA,"R$ 19,90–39,90 após revisão",Pack Marketing Digital,VERIFICAR POR PRODUTO,Bônus 1 / pasta descompactada,AUDITADO / TRIAGEM
PLR-0069,Relacionamentos,Um guia completo para encontrar sua mulher perfeita,PUBLICAR APÓS QA,P1,BAIXO/MÉDIO,PACOTE/AMOSTRA,"R$ 14,90–29,90",Pack Relacionamentos,VERIFICAR POR PRODUTO,Bônus 1 / pasta descompactada,AUDITADO / TRIAGEM
PLR-0070,Relacionamentos,Obtendo as mulheres dos seus sonhos,PUBLICAR APÓS QA,P1,BAIXO/MÉDIO,PACOTE/AMOSTRA,"R$ 14,90–29,90",Pack Relacionamentos,VERIFICAR POR PRODUTO,Bônus 1 / pasta descompactada,AUDITADO / TRIAGEM
PLR-0071,Relacionamentos,Orçamento familiar,PUBLICAR APÓS QA,P1,BAIXO/MÉDIO,PACOTE/AMOSTRA,"R$ 14,90–29,90",Pack Relacionamentos,VERIFICAR POR PRODUTO,Bônus 1 / pasta descompactada,AUDITADO / TRIAGEM
PLR-0072,Relacionamentos,Preparando-se para o relacionamento certo,PUBLICAR APÓS QA,P1,BAIXO/MÉDIO,PACOTE/AMOSTRA,"R$ 14,90–29,90",Pack Relacionamentos,VERIFICAR POR PRODUTO,Bônus 1 / pasta descompactada,AUDITADO / TRIAGEM
PLR-0073,Relacionamentos,Super Segredos Para Encontrar um Parceiro,PUBLICAR APÓS QA,P1,BAIXO/MÉDIO,PACOTE/AMOSTRA,"R$ 14,90–29,90",Pack Relacionamentos,VERIFICAR POR PRODUTO,Bônus 1 / pasta descompactada,AUDITADO / TRIAGEM
PLR-0074,Relacionamentos,Impedir o divórcio e salvar seu casamento,PUBLICAR APÓS QA,P1,BAIXO/MÉDIO,PACOTE/AMOSTRA,"R$ 14,90–29,90",Pack Relacionamentos,VERIFICAR POR PRODUTO,Bônus 1 / pasta descompactada,AUDITADO / TRIAGEM
PLR-0075,Relacionamentos,Férias com a família,PUBLICAR APÓS QA,P1,BAIXO/MÉDIO,PACOTE/AMOSTRA,"R$ 14,90–29,90",Pack Relacionamentos,VERIFICAR POR PRODUTO,Bônus 1 / pasta descompactada,AUDITADO / TRIAGEM
PLR-0076,Relacionamentos,Ideias românticas para um memorável dia dos namorados,PUBLICAR APÓS QA,P1,BAIXO/MÉDIO,PACOTE/AMOSTRA,"R$ 14,90–29,90",Pack Relacionamentos,VERIFICAR POR PRODUTO,Bônus 1 / pasta descompactada,AUDITADO / TRIAGEM
PLR-0077,Relacionamentos,Dicas para economizar dinheiro para famílias,PUBLICAR APÓS QA,P1,BAIXO/MÉDIO,PACOTE/AMOSTRA,"R$ 14,90–29,90",Pack Relacionamentos,VERIFICAR POR PRODUTO,Bônus 1 / pasta descompactada,AUDITADO / TRIAGEM
PLR-0078,Relacionamentos,Confiança concreta,PUBLICAR APÓS QA,P1,BAIXO/MÉDIO,PACOTE/AMOSTRA,"R$ 14,90–29,90",Pack Relacionamentos,VERIFICAR POR PRODUTO,Bônus 1 / pasta descompactada,AUDITADO / TRIAGEM
PLR-0079,Relacionamentos,Como se tornar a garota que os homens adoram,PUBLICAR APÓS QA,P1,BAIXO/MÉDIO,PACOTE/AMOSTRA,"R$ 14,90–29,90",Pack Relacionamentos,VERIFICAR POR PRODUTO,Bônus 1 / pasta descompactada,AUDITADO / TRIAGEM
PLR-0080,Relacionamentos,Como organizar seu casamento em um orçamento,PUBLICAR APÓS QA,P1,BAIXO/MÉDIO,PACOTE/AMOSTRA,"R$ 14,90–29,90",Pack Relacionamentos,VERIFICAR POR PRODUTO,Bônus 1 / pasta descompactada,AUDITADO / TRIAGEM
PLR-0081,Relacionamentos,Como reconquistar seu ex,PUBLICAR APÓS QA,P1,BAIXO/MÉDIO,PACOTE/AMOSTRA,"R$ 14,90–29,90",Pack Relacionamentos,VERIFICAR POR PRODUTO,Bônus 1 / pasta descompactada,AUDITADO / TRIAGEM
PLR-0082,Relacionamentos,Como namorar uma garota,PUBLICAR APÓS QA,P1,BAIXO/MÉDIO,PACOTE/AMOSTRA,"R$ 14,90–29,90",Pack Relacionamentos,VERIFICAR POR PRODUTO,Bônus 1 / pasta descompactada,AUDITADO / TRIAGEM
PLR-0083,Relacionamentos,Como Ganhar na Batalha de Custódia Infantil,PUBLICAR APÓS QA,P1,BAIXO/MÉDIO,PACOTE/AMOSTRA,"R$ 14,90–29,90",Pack Relacionamentos,VERIFICAR POR PRODUTO,Bônus 1 / pasta descompactada,AUDITADO / TRIAGEM
PLR-0084,Relacionamentos,7 maneiras simples de obter seu ex,PUBLICAR APÓS QA,P1,BAIXO/MÉDIO,PACOTE/AMOSTRA,"R$ 14,90–29,90",Pack Relacionamentos,VERIFICAR POR PRODUTO,Bônus 1 / pasta descompactada,AUDITADO / TRIAGEM
PLR-0085,Relacionamentos,A arte de convidar uma garota,PUBLICAR APÓS QA,P1,BAIXO/MÉDIO,PACOTE/AMOSTRA,"R$ 14,90–29,90",Pack Relacionamentos,VERIFICAR POR PRODUTO,Bônus 1 / pasta descompactada,AUDITADO / TRIAGEM
PLR-0086,Relacionamentos,A bela arte da sedução,PUBLICAR APÓS QA,P1,BAIXO/MÉDIO,PACOTE/AMOSTRA,"R$ 14,90–29,90",Pack Relacionamentos,VERIFICAR POR PRODUTO,Bônus 1 / pasta descompactada,AUDITADO / TRIAGEM
PLR-0087,Relacionamentos,Como cortejar uma mulher,PUBLICAR APÓS QA,P1,BAIXO/MÉDIO,PACOTE/AMOSTRA,"R$ 14,90–29,90",Pack Relacionamentos,VERIFICAR POR PRODUTO,Bônus 1 / pasta descompactada,AUDITADO / TRIAGEM
PLR-0088,Relacionamentos,5 etapas ao sucesso datando em linha,PUBLICAR APÓS QA,P1,BAIXO/MÉDIO,PACOTE/AMOSTRA,"R$ 14,90–29,90",Pack Relacionamentos,VERIFICAR POR PRODUTO,Bônus 1 / pasta descompactada,AUDITADO / TRIAGEM
PLR-0089,Prosperidade,Magnetismo de Saúde e Riqueza,ATUALIZAR,P2,MÉDIO,TÍTULO/PASTA,"R$ 19,90–39,90 após revisão",Pack Prosperidade,VERIFICAR POR PRODUTO,Bônus 1 / pasta descompactada,AUDITADO / TRIAGEM
PLR-0090,Produtividade,Domínio de Gerenciamento de Tempo,PUBLICAR APÓS QA,P1,BAIXO/MÉDIO,TÍTULO/PASTA,"R$ 14,90–29,90",Pack Carreira & Desenvolvimento,VERIFICAR POR PRODUTO,Bônus 1 / pasta descompactada,AUDITADO / TRIAGEM
PLR-0091,Nichos Diversos,The Pill Gates Theory,EXCLUIR,P3,ALTO,TÍTULO/PASTA,NÃO PUBLICAR,Pack Nichos Diversos,VERIFICAR POR PRODUTO,Bônus 1 / pasta descompactada,AUDITADO / TRIAGEM
PLR-0092,Nichos Diversos,Rompendo com dificuldades de aprendizagem,ATUALIZAR,P2,MÉDIO,TÍTULO/PASTA,"R$ 19,90–39,90 após revisão",Pack Nichos Diversos,VERIFICAR POR PRODUTO,Bônus 1 / pasta descompactada,AUDITADO / TRIAGEM
PLR-0093,Nichos Diversos,Sair do ronco agora,REVISÃO ESPECIALIZADA,P2,ALTO,TÍTULO/PASTA,Definir após revisão,Pack Nichos Diversos,VERIFICAR POR PRODUTO,Bônus 1 / pasta descompactada,AUDITADO / TRIAGEM
PLR-0094,Nichos Diversos,Riquezas do seminário ao vivo,ATUALIZAR,P2,MÉDIO,TÍTULO/PASTA,"R$ 19,90–39,90 após revisão",Pack Nichos Diversos,VERIFICAR POR PRODUTO,Bônus 1 / pasta descompactada,AUDITADO / TRIAGEM
PLR-0095,Nichos Diversos,Publicação do Kindle simplificada,ATUALIZAR,P2,MÉDIO,TÍTULO/PASTA,"R$ 19,90–39,90 após revisão",Pack Nichos Diversos,VERIFICAR POR PRODUTO,Bônus 1 / pasta descompactada,AUDITADO / TRIAGEM
PLR-0096,Nichos Diversos,Prevenção de infecção por leveduras,EXCLUIR,P3,ALTO,TÍTULO/PASTA,NÃO PUBLICAR,Pack Nichos Diversos,VERIFICAR POR PRODUTO,Bônus 1 / pasta descompactada,AUDITADO / TRIAGEM
PLR-0097,Nichos Diversos,Mensagem 911 Voltar,ATUALIZAR,P2,MÉDIO,TÍTULO/PASTA,"R$ 19,90–39,90 após revisão",Pack Nichos Diversos,VERIFICAR POR PRODUTO,Bônus 1 / pasta descompactada,AUDITADO / TRIAGEM
PLR-0098,Nichos Diversos,O comerciante do Google imparável,ATUALIZAR,P2,MÉDIO,TÍTULO/PASTA,"R$ 19,90–39,90 após revisão",Pack Nichos Diversos,VERIFICAR POR PRODUTO,Bônus 1 / pasta descompactada,AUDITADO / TRIAGEM
PLR-0099,Nichos Diversos,O efeito cascata,ATUALIZAR,P2,MÉDIO,TÍTULO/PASTA,"R$ 19,90–39,90 após revisão",Pack Nichos Diversos,VERIFICAR POR PRODUTO,Bônus 1 / pasta descompactada,AUDITADO / TRIAGEM
PLR-0100,Nichos Diversos,O pai rico é o caminho para ficar rico,ATUALIZAR,P2,MÉDIO,TÍTULO/PASTA,"R$ 19,90–39,90 após revisão",Pack Nichos Diversos,VERIFICAR POR PRODUTO,Bônus 1 / pasta descompactada,AUDITADO / TRIAGEM
PLR-0101,Nichos Diversos,Marcenaria para manequins,ATUALIZAR,P2,MÉDIO,TÍTULO/PASTA,"R$ 19,90–39,90 após revisão",Pack Nichos Diversos,VERIFICAR POR PRODUTO,Bônus 1 / pasta descompactada,AUDITADO / TRIAGEM
PLR-0102,Nichos Diversos,Empresa americana offshore,ATUALIZAR,P2,MÉDIO,TÍTULO/PASTA,"R$ 19,90–39,90 após revisão",Pack Nichos Diversos,VERIFICAR POR PRODUTO,Bônus 1 / pasta descompactada,AUDITADO / TRIAGEM
PLR-0103,Nichos Diversos,Criando um balanço consistente perfeito do golfe,ATUALIZAR,P2,MÉDIO,TÍTULO/PASTA,"R$ 19,90–39,90 após revisão",Pack Nichos Diversos,VERIFICAR POR PRODUTO,Bônus 1 / pasta descompactada,AUDITADO / TRIAGEM
PLR-0104,Nichos Diversos,Distúrbios do cérebro,EXCLUIR,P3,ALTO,TÍTULO/PASTA,NÃO PUBLICAR,Pack Nichos Diversos,VERIFICAR POR PRODUTO,Bônus 1 / pasta descompactada,AUDITADO / TRIAGEM
PLR-0105,Nichos Diversos,A verdade por trás da hipnose,ATUALIZAR,P2,MÉDIO,TÍTULO/PASTA,"R$ 19,90–39,90 após revisão",Pack Nichos Diversos,VERIFICAR POR PRODUTO,Bônus 1 / pasta descompactada,AUDITADO / TRIAGEM
PLR-0106,Mindset,A mentalidade de sucesso do empreendedor,PUBLICAR APÓS QA,P1,BAIXO/MÉDIO,TÍTULO/PASTA,"R$ 14,90–29,90",Pack Carreira & Desenvolvimento,VERIFICAR POR PRODUTO,Bônus 1 / pasta descompactada,AUDITADO / TRIAGEM
PLR-0107,Marketing Digital diversos,The Paleo Blueprint,ATUALIZAR,P2,MÉDIO,TÍTULO/PASTA,"R$ 19,90–39,90 após revisão",Pack Marketing Digital,VERIFICAR POR PRODUTO,Bônus 1 / pasta descompactada,AUDITADO / TRIAGEM
PLR-0108,Marketing Digital diversos,Segredos de marketing de bilhetes altos,ATUALIZAR,P2,MÉDIO,TÍTULO/PASTA,"R$ 19,90–39,90 após revisão",Pack Marketing Digital,VERIFICAR POR PRODUTO,Bônus 1 / pasta descompactada,AUDITADO / TRIAGEM
PLR-0109,Marketing Digital diversos,Segredos de marketing do fórum,ATUALIZAR,P2,MÉDIO,TÍTULO/PASTA,"R$ 19,90–39,90 após revisão",Pack Marketing Digital,VERIFICAR POR PRODUTO,Bônus 1 / pasta descompactada,AUDITADO / TRIAGEM
PLR-0110,Marketing Digital diversos,Segredos de um milhão de dólares dos associados da Amazon,ATUALIZAR,P2,MÉDIO,TÍTULO/PASTA,"R$ 19,90–39,90 após revisão",Pack Marketing Digital,VERIFICAR POR PRODUTO,Bônus 1 / pasta descompactada,AUDITADO / TRIAGEM
PLR-0111,Marketing Digital diversos,Super Cash offline,ATUALIZAR,P2,MÉDIO,TÍTULO/PASTA,"R$ 19,90–39,90 após revisão",Pack Marketing Digital,VERIFICAR POR PRODUTO,Bônus 1 / pasta descompactada,AUDITADO / TRIAGEM
PLR-0112,Marketing Digital diversos,Segredos das Squeeze Pages,ATUALIZAR,P2,MÉDIO,TÍTULO/PASTA,"R$ 19,90–39,90 após revisão",Pack Marketing Digital,VERIFICAR POR PRODUTO,Bônus 1 / pasta descompactada,AUDITADO / TRIAGEM
PLR-0113,Marketing Digital diversos,Segredos das ofertas especiais do guerreiro,ATUALIZAR,P2,MÉDIO,TÍTULO/PASTA,"R$ 19,90–39,90 após revisão",Pack Marketing Digital,VERIFICAR POR PRODUTO,Bônus 1 / pasta descompactada,AUDITADO / TRIAGEM
PLR-0114,Marketing Digital diversos,Relatórios gratuitos expostos,ATUALIZAR,P2,MÉDIO,TÍTULO/PASTA,"R$ 19,90–39,90 após revisão",Pack Marketing Digital,VERIFICAR POR PRODUTO,Bônus 1 / pasta descompactada,AUDITADO / TRIAGEM
PLR-0115,Marketing Digital diversos,Quadrantes da personalidade que datam o guia,ATUALIZAR,P2,MÉDIO,TÍTULO/PASTA,"R$ 19,90–39,90 após revisão",Pack Marketing Digital,VERIFICAR POR PRODUTO,Bônus 1 / pasta descompactada,AUDITADO / TRIAGEM
PLR-0116,Marketing Digital diversos,Principais problemas dos escritores,ATUALIZAR,P2,MÉDIO,TÍTULO/PASTA,"R$ 19,90–39,90 após revisão",Pack Marketing Digital,VERIFICAR POR PRODUTO,Bônus 1 / pasta descompactada,AUDITADO / TRIAGEM
PLR-0117,Marketing Digital diversos,Princípios-chave para todos os empresários,ATUALIZAR,P2,MÉDIO,TÍTULO/PASTA,"R$ 19,90–39,90 após revisão",Pack Marketing Digital,VERIFICAR POR PRODUTO,Bônus 1 / pasta descompactada,AUDITADO / TRIAGEM
PLR-0118,Marketing Digital diversos,Os iluminados do CPA,ATUALIZAR,P2,MÉDIO,TÍTULO/PASTA,"R$ 19,90–39,90 após revisão",Pack Marketing Digital,VERIFICAR POR PRODUTO,Bônus 1 / pasta descompactada,AUDITADO / TRIAGEM
PLR-0119,Marketing Digital diversos,Overdrive de marketing no fórum,ATUALIZAR,P2,MÉDIO,TÍTULO/PASTA,"R$ 19,90–39,90 após revisão",Pack Marketing Digital,VERIFICAR POR PRODUTO,Bônus 1 / pasta descompactada,AUDITADO / TRIAGEM
PLR-0120,Marketing Digital diversos,Para Kindle ou Não Kindle,ATUALIZAR,P2,MÉDIO,TÍTULO/PASTA,"R$ 19,90–39,90 após revisão",Pack Marketing Digital,VERIFICAR POR PRODUTO,Bônus 1 / pasta descompactada,AUDITADO / TRIAGEM
PLR-0121,Marketing Digital diversos,Pense e fique rico para os empreendedores da Internet,ATUALIZAR,P2,MÉDIO,TÍTULO/PASTA,"R$ 19,90–39,90 após revisão",Pack Marketing Digital,VERIFICAR POR PRODUTO,Bônus 1 / pasta descompactada,AUDITADO / TRIAGEM
PLR-0122,Marketing Digital diversos,Observação de pássaros para iniciantes,ATUALIZAR,P2,MÉDIO,TÍTULO/PASTA,"R$ 19,90–39,90 após revisão",Pack Marketing Digital,VERIFICAR POR PRODUTO,Bônus 1 / pasta descompactada,AUDITADO / TRIAGEM
PLR-0123,Marketing Digital diversos,One Pucnh Touch,ATUALIZAR,P2,MÉDIO,TÍTULO/PASTA,"R$ 19,90–39,90 após revisão",Pack Marketing Digital,VERIFICAR POR PRODUTO,Bônus 1 / pasta descompactada,AUDITADO / TRIAGEM
PLR-0124,Marketing Digital diversos,O Plano de 48 Horas,ATUALIZAR,P2,MÉDIO,TÍTULO/PASTA,"R$ 19,90–39,90 após revisão",Pack Marketing Digital,VERIFICAR POR PRODUTO,Bônus 1 / pasta descompactada,AUDITADO / TRIAGEM
PLR-0125,Marketing Digital diversos,O mentor dos estrangeiros,ATUALIZAR,P2,MÉDIO,TÍTULO/PASTA,"R$ 19,90–39,90 após revisão",Pack Marketing Digital,VERIFICAR POR PRODUTO,Bônus 1 / pasta descompactada,AUDITADO / TRIAGEM
PLR-0126,Marketing Digital diversos,O direito à construção do caráter,ATUALIZAR,P2,MÉDIO,TÍTULO/PASTA,"R$ 19,90–39,90 após revisão",Pack Marketing Digital,VERIFICAR POR PRODUTO,Bônus 1 / pasta descompactada,AUDITADO / TRIAGEM
PLR-0127,Marketing Digital diversos,O caminho para os nichos,ATUALIZAR,P2,MÉDIO,TÍTULO/PASTA,"R$ 19,90–39,90 após revisão",Pack Marketing Digital,VERIFICAR POR PRODUTO,Bônus 1 / pasta descompactada,AUDITADO / TRIAGEM
PLR-0128,Marketing Digital diversos,Máquinas de dinheiro dos afiliados,ATUALIZAR,P2,MÉDIO,TÍTULO/PASTA,"R$ 19,90–39,90 após revisão",Pack Marketing Digital,VERIFICAR POR PRODUTO,Bônus 1 / pasta descompactada,AUDITADO / TRIAGEM
PLR-0129,Marketing Digital diversos,Muito Feliz Natal,ATUALIZAR,P2,MÉDIO,TÍTULO/PASTA,"R$ 19,90–39,90 após revisão",Pack Marketing Digital,VERIFICAR POR PRODUTO,Bônus 1 / pasta descompactada,AUDITADO / TRIAGEM
PLR-0130,Marketing Digital diversos,Mostre-me o plano Parte 1,ATUALIZAR,P2,MÉDIO,TÍTULO/PASTA,"R$ 19,90–39,90 após revisão",Pack Marketing Digital,VERIFICAR POR PRODUTO,Bônus 1 / pasta descompactada,AUDITADO / TRIAGEM
PLR-0131,Marketing Digital diversos,"Mostre-me o plano, parte 2",ATUALIZAR,P2,MÉDIO,TÍTULO/PASTA,"R$ 19,90–39,90 após revisão",Pack Marketing Digital,VERIFICAR POR PRODUTO,Bônus 1 / pasta descompactada,AUDITADO / TRIAGEM
PLR-0132,Marketing Digital diversos,Marketing com infográficos,ATUALIZAR,P2,MÉDIO,TÍTULO/PASTA,"R$ 19,90–39,90 após revisão",Pack Marketing Digital,VERIFICAR POR PRODUTO,Bônus 1 / pasta descompactada,AUDITADO / TRIAGEM
PLR-0133,Marketing Digital diversos,Marketing on-line para empresas off-line,ATUALIZAR,P2,MÉDIO,TÍTULO/PASTA,"R$ 19,90–39,90 após revisão",Pack Marketing Digital,VERIFICAR POR PRODUTO,Bônus 1 / pasta descompactada,AUDITADO / TRIAGEM
PLR-0134,Marketing Digital diversos,Marketing Online,ATUALIZAR,P2,MÉDIO,TÍTULO/PASTA,"R$ 19,90–39,90 após revisão",Pack Marketing Digital,VERIFICAR POR PRODUTO,Bônus 1 / pasta descompactada,AUDITADO / TRIAGEM
PLR-0135,Marketing Digital diversos,Milionário de encerramento,ATUALIZAR,P2,MÉDIO,TÍTULO/PASTA,"R$ 19,90–39,90 após revisão",Pack Marketing Digital,VERIFICAR POR PRODUTO,Bônus 1 / pasta descompactada,AUDITADO / TRIAGEM
PLR-0136,Marketing Digital diversos,Lucros fáceis da publicação electrônica,ATUALIZAR,P2,MÉDIO,TÍTULO/PASTA,"R$ 19,90–39,90 após revisão",Pack Marketing Digital,VERIFICAR POR PRODUTO,Bônus 1 / pasta descompactada,AUDITADO / TRIAGEM
PLR-0137,Marketing Digital diversos,Lucros automáticos instantâneos,ATUALIZAR,P2,MÉDIO,TÍTULO/PASTA,"R$ 19,90–39,90 após revisão",Pack Marketing Digital,VERIFICAR POR PRODUTO,Bônus 1 / pasta descompactada,AUDITADO / TRIAGEM
PLR-0138,Marketing Digital diversos,iPods 101,EXCLUIR,P3,ALTO,TÍTULO/PASTA,NÃO PUBLICAR,Pack Marketing Digital,VERIFICAR POR PRODUTO,Bônus 1 / pasta descompactada,AUDITADO / TRIAGEM
PLR-0139,Marketing Digital diversos,Início rápido do CPA,ATUALIZAR,P2,MÉDIO,TÍTULO/PASTA,"R$ 19,90–39,90 após revisão",Pack Marketing Digital,VERIFICAR POR PRODUTO,Bônus 1 / pasta descompactada,AUDITADO / TRIAGEM
PLR-0140,Marketing Digital diversos,Guia para Marketing de Informação Bem-sucedido,ATUALIZAR,P2,MÉDIO,TÍTULO/PASTA,"R$ 19,90–39,90 após revisão",Pack Marketing Digital,VERIFICAR POR PRODUTO,Bônus 1 / pasta descompactada,AUDITADO / TRIAGEM
PLR-0141,Marketing Digital diversos,Guia para o sucesso da publicação automática,ATUALIZAR,P2,MÉDIO,TÍTULO/PASTA,"R$ 19,90–39,90 após revisão",Pack Marketing Digital,VERIFICAR POR PRODUTO,Bônus 1 / pasta descompactada,AUDITADO / TRIAGEM
PLR-0142,Marketing Digital diversos,Guia para eventos GiveAway,ATUALIZAR,P2,MÉDIO,TÍTULO/PASTA,"R$ 19,90–39,90 após revisão",Pack Marketing Digital,VERIFICAR POR PRODUTO,Bônus 1 / pasta descompactada,AUDITADO / TRIAGEM
PLR-0143,Marketing Digital diversos,Gamificação de Negócios,ATUALIZAR,P2,MÉDIO,TÍTULO/PASTA,"R$ 19,90–39,90 após revisão",Pack Marketing Digital,VERIFICAR POR PRODUTO,Bônus 1 / pasta descompactada,AUDITADO / TRIAGEM
PLR-0144,Marketing Digital diversos,Gerenciamento de tempo para estudantes universitários,ATUALIZAR,P2,MÉDIO,TÍTULO/PASTA,"R$ 19,90–39,90 após revisão",Pack Marketing Digital,VERIFICAR POR PRODUTO,Bônus 1 / pasta descompactada,AUDITADO / TRIAGEM
PLR-0145,Marketing Digital diversos,Goin Veggies,ATUALIZAR,P2,MÉDIO,TÍTULO/PASTA,"R$ 19,90–39,90 após revisão",Pack Marketing Digital,VERIFICAR POR PRODUTO,Bônus 1 / pasta descompactada,AUDITADO / TRIAGEM
PLR-0146,Marketing Digital diversos,Google Adsense para iniciantes,ATUALIZAR,P2,MÉDIO,TÍTULO/PASTA,"R$ 19,90–39,90 após revisão",Pack Marketing Digital,VERIFICAR POR PRODUTO,Bônus 1 / pasta descompactada,AUDITADO / TRIAGEM
PLR-0147,Marketing Digital diversos,Foco,ATUALIZAR,P2,MÉDIO,TÍTULO/PASTA,"R$ 19,90–39,90 após revisão",Pack Marketing Digital,VERIFICAR POR PRODUTO,Bônus 1 / pasta descompactada,AUDITADO / TRIAGEM
PLR-0148,Marketing Digital diversos,Fiverr Gold,ATUALIZAR,P2,MÉDIO,TÍTULO/PASTA,"R$ 19,90–39,90 após revisão",Pack Marketing Digital,VERIFICAR POR PRODUTO,Bônus 1 / pasta descompactada,AUDITADO / TRIAGEM
PLR-0149,Marketing Digital diversos,Falar em Público Confiante Desbloqueado,ATUALIZAR,P2,MÉDIO,TÍTULO/PASTA,"R$ 19,90–39,90 após revisão",Pack Marketing Digital,VERIFICAR POR PRODUTO,Bônus 1 / pasta descompactada,AUDITADO / TRIAGEM
PLR-0150,Marketing Digital diversos,E-book exposição de marketing,ATUALIZAR,P2,MÉDIO,TÍTULO/PASTA,"R$ 19,90–39,90 após revisão",Pack Marketing Digital,VERIFICAR POR PRODUTO,Bônus 1 / pasta descompactada,AUDITADO / TRIAGEM
PLR-0151,Marketing Digital diversos,Estratégias de Vendas Atemporais,ATUALIZAR,P2,MÉDIO,TÍTULO/PASTA,"R$ 19,90–39,90 após revisão",Pack Marketing Digital,VERIFICAR POR PRODUTO,Bônus 1 / pasta descompactada,AUDITADO / TRIAGEM
PLR-0152,Marketing Digital diversos,Dinheiro de Emergência com Freelancing,ATUALIZAR,P2,MÉDIO,TÍTULO/PASTA,"R$ 19,90–39,90 após revisão",Pack Marketing Digital,VERIFICAR POR PRODUTO,Bônus 1 / pasta descompactada,AUDITADO / TRIAGEM
PLR-0153,Marketing Digital diversos,Direitos de Revenda Alternativos,ATUALIZAR,P2,MÉDIO,TÍTULO/PASTA,"R$ 19,90–39,90 após revisão",Pack Marketing Digital,VERIFICAR POR PRODUTO,Bônus 1 / pasta descompactada,AUDITADO / TRIAGEM
PLR-0154,Marketing Digital diversos,Dominação desesperada do mercado,ATUALIZAR,P2,MÉDIO,TÍTULO/PASTA,"R$ 19,90–39,90 após revisão",Pack Marketing Digital,VERIFICAR POR PRODUTO,Bônus 1 / pasta descompactada,AUDITADO / TRIAGEM
PLR-0155,Marketing Digital diversos,Domínio da Roda de Ligação,ATUALIZAR,P2,MÉDIO,TÍTULO/PASTA,"R$ 19,90–39,90 após revisão",Pack Marketing Digital,VERIFICAR POR PRODUTO,Bônus 1 / pasta descompactada,AUDITADO / TRIAGEM
PLR-0156,Marketing Digital diversos,Deslize de comissão,ATUALIZAR,P2,MÉDIO,TÍTULO/PASTA,"R$ 19,90–39,90 após revisão",Pack Marketing Digital,VERIFICAR POR PRODUTO,Bônus 1 / pasta descompactada,AUDITADO / TRIAGEM
PLR-0157,Marketing Digital diversos,Desbloqueando o código de nicho,ATUALIZAR,P2,MÉDIO,TÍTULO/PASTA,"R$ 19,90–39,90 após revisão",Pack Marketing Digital,VERIFICAR POR PRODUTO,Bônus 1 / pasta descompactada,AUDITADO / TRIAGEM
PLR-0158,Marketing Digital diversos,Demitir seu chefe,ATUALIZAR,P2,MÉDIO,TÍTULO/PASTA,"R$ 19,90–39,90 após revisão",Pack Marketing Digital,VERIFICAR POR PRODUTO,Bônus 1 / pasta descompactada,AUDITADO / TRIAGEM
PLR-0159,Marketing Digital diversos,Criando influência com sites de associação gratuitos,ATUALIZAR,P2,MÉDIO,TÍTULO/PASTA,"R$ 19,90–39,90 após revisão",Pack Marketing Digital,VERIFICAR POR PRODUTO,Bônus 1 / pasta descompactada,AUDITADO / TRIAGEM
PLR-0160,Marketing Digital diversos,Crowdfunded,ATUALIZAR,P2,MÉDIO,TÍTULO/PASTA,"R$ 19,90–39,90 após revisão",Pack Marketing Digital,VERIFICAR POR PRODUTO,Bônus 1 / pasta descompactada,AUDITADO / TRIAGEM
PLR-0161,Marketing Digital diversos,Como usar palavras para vender,ATUALIZAR,P2,MÉDIO,TÍTULO/PASTA,"R$ 19,90–39,90 após revisão",Pack Marketing Digital,VERIFICAR POR PRODUTO,Bônus 1 / pasta descompactada,AUDITADO / TRIAGEM
PLR-0162,Marketing Digital diversos,7 elementos-chave,ATUALIZAR,P2,MÉDIO,TÍTULO/PASTA,"R$ 19,90–39,90 após revisão",Pack Marketing Digital,VERIFICAR POR PRODUTO,Bônus 1 / pasta descompactada,AUDITADO / TRIAGEM
PLR-0163,Marketing Digital diversos,A história de sucesso da JVZoo,ATUALIZAR,P2,MÉDIO,TÍTULO/PASTA,"R$ 19,90–39,90 após revisão",Pack Marketing Digital,VERIFICAR POR PRODUTO,Bônus 1 / pasta descompactada,AUDITADO / TRIAGEM
PLR-0164,Marketing Digital diversos,Bum Marketing,ATUALIZAR,P2,MÉDIO,TÍTULO/PASTA,"R$ 19,90–39,90 após revisão",Pack Marketing Digital,VERIFICAR POR PRODUTO,Bônus 1 / pasta descompactada,AUDITADO / TRIAGEM
PLR-0165,Marketing Digital diversos,Como criar sua página de captura,ATUALIZAR,P2,MÉDIO,TÍTULO/PASTA,"R$ 19,90–39,90 após revisão",Pack Marketing Digital,VERIFICAR POR PRODUTO,Bônus 1 / pasta descompactada,AUDITADO / TRIAGEM
PLR-0166,Marketing de afiliados,Máquina de dinheiro da filial,ATUALIZAR,P2,MÉDIO,TÍTULO/PASTA,"R$ 19,90–39,90 após revisão",Pack Marketing Digital,VERIFICAR POR PRODUTO,Bônus 1 / pasta descompactada,AUDITADO / TRIAGEM
PLR-0167,Marketing de afiliados,Idéias de Marketing de afiliados,ATUALIZAR,P2,MÉDIO,TÍTULO/PASTA,"R$ 19,90–39,90 após revisão",Pack Marketing Digital,VERIFICAR POR PRODUTO,Bônus 1 / pasta descompactada,AUDITADO / TRIAGEM
PLR-0168,Ganhar dinheiro,Vendendo seu tempo compartilhado,ATUALIZAR,P2,MÉDIO,TÍTULO/PASTA,"R$ 19,90–39,90 após revisão",Pack Ganhar dinheiro,VERIFICAR POR PRODUTO,Bônus 1 / pasta descompactada,AUDITADO / TRIAGEM
PLR-0169,Ganhar dinheiro,Tuberminator,ATUALIZAR,P2,MÉDIO,TÍTULO/PASTA,"R$ 19,90–39,90 após revisão",Pack Ganhar dinheiro,VERIFICAR POR PRODUTO,Bônus 1 / pasta descompactada,AUDITADO / TRIAGEM
PLR-0170,Ganhar dinheiro,Vamos ganhar dinheiro online,ATUALIZAR,P2,MÉDIO,TÍTULO/PASTA,"R$ 19,90–39,90 após revisão",Pack Ganhar dinheiro,VERIFICAR POR PRODUTO,Bônus 1 / pasta descompactada,AUDITADO / TRIAGEM
PLR-0171,Ganhar dinheiro,Trabalhar Online,ATUALIZAR,P2,MÉDIO,TÍTULO/PASTA,"R$ 19,90–39,90 após revisão",Pack Ganhar dinheiro,VERIFICAR POR PRODUTO,Bônus 1 / pasta descompactada,AUDITADO / TRIAGEM
PLR-0172,Ganhar dinheiro,Tráfego segmentado simplificado,ATUALIZAR,P2,MÉDIO,TÍTULO/PASTA,"R$ 19,90–39,90 após revisão",Pack Ganhar dinheiro,VERIFICAR POR PRODUTO,Bônus 1 / pasta descompactada,AUDITADO / TRIAGEM
PLR-0173,Ganhar dinheiro,Transformando o rebanho em dinheiro,ATUALIZAR,P2,MÉDIO,TÍTULO/PASTA,"R$ 19,90–39,90 após revisão",Pack Ganhar dinheiro,VERIFICAR POR PRODUTO,Bônus 1 / pasta descompactada,AUDITADO / TRIAGEM
PLR-0174,Ganhar dinheiro,Truques sujos finais do mercado do Internet,ATUALIZAR,P2,MÉDIO,TÍTULO/PASTA,"R$ 19,90–39,90 após revisão",Pack Ganhar dinheiro,VERIFICAR POR PRODUTO,Bônus 1 / pasta descompactada,AUDITADO / TRIAGEM
PLR-0175,Ganhar dinheiro,Terceirização simplificada,ATUALIZAR,P2,MÉDIO,TÍTULO/PASTA,"R$ 19,90–39,90 após revisão",Pack Ganhar dinheiro,VERIFICAR POR PRODUTO,Bônus 1 / pasta descompactada,AUDITADO / TRIAGEM
PLR-0176,Ganhar dinheiro,Soluções inovadoras de vendas,ATUALIZAR,P2,MÉDIO,TÍTULO/PASTA,"R$ 19,90–39,90 após revisão",Pack Ganhar dinheiro,VERIFICAR POR PRODUTO,Bônus 1 / pasta descompactada,AUDITADO / TRIAGEM
PLR-0177,Ganhar dinheiro,Sobrevivência no Marketing de Rede,ATUALIZAR,P2,MÉDIO,TÍTULO/PASTA,"R$ 19,90–39,90 após revisão",Pack Ganhar dinheiro,VERIFICAR POR PRODUTO,Bônus 1 / pasta descompactada,AUDITADO / TRIAGEM
PLR-0178,Ganhar dinheiro,Segredos simples de afiliados,ATUALIZAR,P2,MÉDIO,TÍTULO/PASTA,"R$ 19,90–39,90 após revisão",Pack Ganhar dinheiro,VERIFICAR POR PRODUTO,Bônus 1 / pasta descompactada,AUDITADO / TRIAGEM
PLR-0179,Ganhar dinheiro,Segredos de sucesso de bilheteria,ATUALIZAR,P2,MÉDIO,TÍTULO/PASTA,"R$ 19,90–39,90 após revisão",Pack Ganhar dinheiro,VERIFICAR POR PRODUTO,Bônus 1 / pasta descompactada,AUDITADO / TRIAGEM
PLR-0180,Ganhar dinheiro,Segredos do funil de lucro,ATUALIZAR,P2,MÉDIO,TÍTULO/PASTA,"R$ 19,90–39,90 após revisão",Pack Ganhar dinheiro,VERIFICAR POR PRODUTO,Bônus 1 / pasta descompactada,AUDITADO / TRIAGEM
PLR-0181,Ganhar dinheiro,O Pay Per Click Marketing Guia,ATUALIZAR,P2,MÉDIO,TÍTULO/PASTA,"R$ 19,90–39,90 após revisão",Pack Ganhar dinheiro,VERIFICAR POR PRODUTO,Bônus 1 / pasta descompactada,AUDITADO / TRIAGEM
PLR-0182,Ganhar dinheiro,PayPal simplificado,ATUALIZAR,P2,MÉDIO,TÍTULO/PASTA,"R$ 19,90–39,90 após revisão",Pack Ganhar dinheiro,VERIFICAR POR PRODUTO,Bônus 1 / pasta descompactada,AUDITADO / TRIAGEM
PLR-0183,Ganhar dinheiro,Principais táticas de afiliados,ATUALIZAR,P2,MÉDIO,TÍTULO/PASTA,"R$ 19,90–39,90 após revisão",Pack Ganhar dinheiro,VERIFICAR POR PRODUTO,Bônus 1 / pasta descompactada,AUDITADO / TRIAGEM
PLR-0184,Ganhar dinheiro,Publicidade PPC simplificada,ATUALIZAR,P2,MÉDIO,TÍTULO/PASTA,"R$ 19,90–39,90 após revisão",Pack Ganhar dinheiro,VERIFICAR POR PRODUTO,Bônus 1 / pasta descompactada,AUDITADO / TRIAGEM
PLR-0185,Ganhar dinheiro,O Internet Marketing Online Goldmine,ATUALIZAR,P2,MÉDIO,TÍTULO/PASTA,"R$ 19,90–39,90 após revisão",Pack Ganhar dinheiro,VERIFICAR POR PRODUTO,Bônus 1 / pasta descompactada,AUDITADO / TRIAGEM
PLR-0186,Ganhar dinheiro,O Guia Especializado para Perseguir a Riqueza,ATUALIZAR,P2,MÉDIO,TÍTULO/PASTA,"R$ 19,90–39,90 após revisão",Pack Ganhar dinheiro,VERIFICAR POR PRODUTO,Bônus 1 / pasta descompactada,AUDITADO / TRIAGEM
PLR-0187,Ganhar dinheiro,O guia especializado para lucrar com o eBay,ATUALIZAR,P2,MÉDIO,TÍTULO/PASTA,"R$ 19,90–39,90 após revisão",Pack Ganhar dinheiro,VERIFICAR POR PRODUTO,Bônus 1 / pasta descompactada,AUDITADO / TRIAGEM
PLR-0188,Ganhar dinheiro,Nichos Explosivos,ATUALIZAR,P2,MÉDIO,TÍTULO/PASTA,"R$ 19,90–39,90 após revisão",Pack Ganhar dinheiro,VERIFICAR POR PRODUTO,Bônus 1 / pasta descompactada,AUDITADO / TRIAGEM
PLR-0189,Ganhar dinheiro,Marketing Social Simplificado,ATUALIZAR,P2,MÉDIO,TÍTULO/PASTA,"R$ 19,90–39,90 após revisão",Pack Ganhar dinheiro,VERIFICAR POR PRODUTO,Bônus 1 / pasta descompactada,AUDITADO / TRIAGEM
PLR-0190,Ganhar dinheiro,Marketing Pay Per Click AZ,ATUALIZAR,P2,MÉDIO,TÍTULO/PASTA,"R$ 19,90–39,90 após revisão",Pack Ganhar dinheiro,VERIFICAR POR PRODUTO,Bônus 1 / pasta descompactada,AUDITADO / TRIAGEM
PLR-0191,Ganhar dinheiro,Marketing PPC simplificado,ATUALIZAR,P2,MÉDIO,TÍTULO/PASTA,"R$ 19,90–39,90 após revisão",Pack Ganhar dinheiro,VERIFICAR POR PRODUTO,Bônus 1 / pasta descompactada,AUDITADO / TRIAGEM
PLR-0192,Ganhar dinheiro,Marketing de afiliados simplificado,ATUALIZAR,P2,MÉDIO,TÍTULO/PASTA,"R$ 19,90–39,90 após revisão",Pack Ganhar dinheiro,VERIFICAR POR PRODUTO,Bônus 1 / pasta descompactada,AUDITADO / TRIAGEM
PLR-0193,Ganhar dinheiro,Marketing de CPA simplificado,ATUALIZAR,P2,MÉDIO,TÍTULO/PASTA,"R$ 19,90–39,90 após revisão",Pack Ganhar dinheiro,VERIFICAR POR PRODUTO,Bônus 1 / pasta descompactada,AUDITADO / TRIAGEM
PLR-0194,Ganhar dinheiro,Marketing offline poderoso na era da Internet,ATUALIZAR,P2,MÉDIO,TÍTULO/PASTA,"R$ 19,90–39,90 após revisão",Pack Ganhar dinheiro,VERIFICAR POR PRODUTO,Bônus 1 / pasta descompactada,AUDITADO / TRIAGEM
PLR-0195,Ganhar dinheiro,Marketing offline simplificado,ATUALIZAR,P2,MÉDIO,TÍTULO/PASTA,"R$ 19,90–39,90 após revisão",Pack Ganhar dinheiro,VERIFICAR POR PRODUTO,Bônus 1 / pasta descompactada,AUDITADO / TRIAGEM
PLR-0196,Ganhar dinheiro,Marketing de afiliados AZ,ATUALIZAR,P2,MÉDIO,TÍTULO/PASTA,"R$ 19,90–39,90 após revisão",Pack Ganhar dinheiro,VERIFICAR POR PRODUTO,Bônus 1 / pasta descompactada,AUDITADO / TRIAGEM
PLR-0197,Ganhar dinheiro,Manual do Money Finder não reclamado,ATUALIZAR,P2,MÉDIO,TÍTULO/PASTA,"R$ 19,90–39,90 após revisão",Pack Ganhar dinheiro,VERIFICAR POR PRODUTO,Bônus 1 / pasta descompactada,AUDITADO / TRIAGEM
PLR-0198,Ganhar dinheiro,Manual do comerciante afiliado,ATUALIZAR,P2,MÉDIO,TÍTULO/PASTA,"R$ 19,90–39,90 após revisão",Pack Ganhar dinheiro,VERIFICAR POR PRODUTO,Bônus 1 / pasta descompactada,AUDITADO / TRIAGEM
PLR-0199,Ganhar dinheiro,Lucros infinitos,ATUALIZAR,P2,MÉDIO,TÍTULO/PASTA,"R$ 19,90–39,90 após revisão",Pack Ganhar dinheiro,VERIFICAR POR PRODUTO,Bônus 1 / pasta descompactada,AUDITADO / TRIAGEM
PLR-0200,Ganhar dinheiro,Lucros automatizados,ATUALIZAR,P2,MÉDIO,TÍTULO/PASTA,"R$ 19,90–39,90 após revisão",Pack Ganhar dinheiro,VERIFICAR POR PRODUTO,Bônus 1 / pasta descompactada,AUDITADO / TRIAGEM
PLR-0201,Ganhar dinheiro,Lucros da caixa de entrada,ATUALIZAR,P2,MÉDIO,TÍTULO/PASTA,"R$ 19,90–39,90 após revisão",Pack Ganhar dinheiro,VERIFICAR POR PRODUTO,Bônus 1 / pasta descompactada,AUDITADO / TRIAGEM
PLR-0202,Ganhar dinheiro,Lançando Fortunas,ATUALIZAR,P2,MÉDIO,TÍTULO/PASTA,"R$ 19,90–39,90 após revisão",Pack Ganhar dinheiro,VERIFICAR POR PRODUTO,Bônus 1 / pasta descompactada,AUDITADO / TRIAGEM
PLR-0203,Ganhar dinheiro,Informações sobre 24 horas,ATUALIZAR,P2,MÉDIO,TÍTULO/PASTA,"R$ 19,90–39,90 após revisão",Pack Ganhar dinheiro,VERIFICAR POR PRODUTO,Bônus 1 / pasta descompactada,AUDITADO / TRIAGEM
PLR-0204,Ganhar dinheiro,Guia para o Freelancer Online de Sucesso,ATUALIZAR,P2,MÉDIO,TÍTULO/PASTA,"R$ 19,90–39,90 após revisão",Pack Ganhar dinheiro,VERIFICAR POR PRODUTO,Bônus 1 / pasta descompactada,AUDITADO / TRIAGEM
PLR-0205,Ganhar dinheiro,Guia de início rápido para lucros on-line fáceis,ATUALIZAR,P2,MÉDIO,TÍTULO/PASTA,"R$ 19,90–39,90 após revisão",Pack Ganhar dinheiro,VERIFICAR POR PRODUTO,Bônus 1 / pasta descompactada,AUDITADO / TRIAGEM
PLR-0206,Ganhar dinheiro,Guia de sobrevivência ao empreendedorismo na Internet,ATUALIZAR,P2,MÉDIO,TÍTULO/PASTA,"R$ 19,90–39,90 após revisão",Pack Ganhar dinheiro,VERIFICAR POR PRODUTO,Bônus 1 / pasta descompactada,AUDITADO / TRIAGEM
PLR-0207,Ganhar dinheiro,Guia do Insider para Forex Trading,ATUALIZAR,P2,MÉDIO/ALTO,TÍTULO/PASTA,"R$ 19,90–39,90 após revisão",Pack Ganhar dinheiro,VERIFICAR POR PRODUTO,Bônus 1 / pasta descompactada,AUDITADO / TRIAGEM
PLR-0208,Ganhar dinheiro,Guia para lucrar com eBay,ATUALIZAR,P2,MÉDIO,TÍTULO/PASTA,"R$ 19,90–39,90 após revisão",Pack Ganhar dinheiro,VERIFICAR POR PRODUTO,Bônus 1 / pasta descompactada,AUDITADO / TRIAGEM
PLR-0209,Ganhar dinheiro,Guia de início rápido,ATUALIZAR,P2,MÉDIO,TÍTULO/PASTA,"R$ 19,90–39,90 após revisão",Pack Ganhar dinheiro,VERIFICAR POR PRODUTO,Bônus 1 / pasta descompactada,AUDITADO / TRIAGEM
PLR-0210,Ganhar dinheiro,Goldmine Freelance,ATUALIZAR,P2,MÉDIO,TÍTULO/PASTA,"R$ 19,90–39,90 após revisão",Pack Ganhar dinheiro,VERIFICAR POR PRODUTO,Bônus 1 / pasta descompactada,AUDITADO / TRIAGEM
PLR-0211,Ganhar dinheiro,Google AdSense de AZ,ATUALIZAR,P2,MÉDIO,TÍTULO/PASTA,"R$ 19,90–39,90 após revisão",Pack Ganhar dinheiro,VERIFICAR POR PRODUTO,Bônus 1 / pasta descompactada,AUDITADO / TRIAGEM
PLR-0212,Ganhar dinheiro,Ganhar dinheiro online,ATUALIZAR,P2,MÉDIO,TÍTULO/PASTA,"R$ 19,90–39,90 após revisão",Pack Ganhar dinheiro,VERIFICAR POR PRODUTO,Bônus 1 / pasta descompactada,AUDITADO / TRIAGEM
PLR-0213,Ganhar dinheiro,Gatilhos de compra testados pelo cliente,ATUALIZAR,P2,MÉDIO,TÍTULO/PASTA,"R$ 19,90–39,90 após revisão",Pack Ganhar dinheiro,VERIFICAR POR PRODUTO,Bônus 1 / pasta descompactada,AUDITADO / TRIAGEM
PLR-0214,Ganhar dinheiro,eZine Marketing AZ,ATUALIZAR,P2,MÉDIO,TÍTULO/PASTA,"R$ 19,90–39,90 após revisão",Pack Ganhar dinheiro,VERIFICAR POR PRODUTO,Bônus 1 / pasta descompactada,AUDITADO / TRIAGEM
PLR-0215,Ganhar dinheiro,Explosão de vendas online,ATUALIZAR,P2,MÉDIO,TÍTULO/PASTA,"R$ 19,90–39,90 após revisão",Pack Ganhar dinheiro,VERIFICAR POR PRODUTO,Bônus 1 / pasta descompactada,AUDITADO / TRIAGEM
PLR-0216,Ganhar dinheiro,Ebay PowerSeller,ATUALIZAR,P2,MÉDIO,TÍTULO/PASTA,"R$ 19,90–39,90 após revisão",Pack Ganhar dinheiro,VERIFICAR POR PRODUTO,Bônus 1 / pasta descompactada,AUDITADO / TRIAGEM
PLR-0217,Ganhar dinheiro,Enriqueça enquanto dorme,EXCLUIR,P3,ALTO,TÍTULO/PASTA,NÃO PUBLICAR,Pack Ganhar dinheiro,VERIFICAR POR PRODUTO,Bônus 1 / pasta descompactada,AUDITADO / TRIAGEM
PLR-0218,Ganhar dinheiro,Estratégias de criação de caixa,ATUALIZAR,P2,MÉDIO,TÍTULO/PASTA,"R$ 19,90–39,90 após revisão",Pack Ganhar dinheiro,VERIFICAR POR PRODUTO,Bônus 1 / pasta descompactada,AUDITADO / TRIAGEM
PLR-0219,Ganhar dinheiro,Estratégias Extremas de Persuasão,ATUALIZAR,P2,MÉDIO,TÍTULO/PASTA,"R$ 19,90–39,90 após revisão",Pack Ganhar dinheiro,VERIFICAR POR PRODUTO,Bônus 1 / pasta descompactada,AUDITADO / TRIAGEM
PLR-0220,Ganhar dinheiro,Dinheiro rápido agora,ATUALIZAR,P2,MÉDIO,TÍTULO/PASTA,"R$ 19,90–39,90 após revisão",Pack Ganhar dinheiro,VERIFICAR POR PRODUTO,Bônus 1 / pasta descompactada,AUDITADO / TRIAGEM
PLR-0221,Ganhar dinheiro,Dinheiro offline facilitado,ATUALIZAR,P2,MÉDIO,TÍTULO/PASTA,"R$ 19,90–39,90 após revisão",Pack Ganhar dinheiro,VERIFICAR POR PRODUTO,Bônus 1 / pasta descompactada,AUDITADO / TRIAGEM
PLR-0222,Ganhar dinheiro,Dinheiro de Avaliações,ATUALIZAR,P2,MÉDIO,TÍTULO/PASTA,"R$ 19,90–39,90 após revisão",Pack Ganhar dinheiro,VERIFICAR POR PRODUTO,Bônus 1 / pasta descompactada,AUDITADO / TRIAGEM
PLR-0223,Ganhar dinheiro,Dinheiro do aplicativo para iPhone e iPad,ATUALIZAR,P2,MÉDIO,TÍTULO/PASTA,"R$ 19,90–39,90 após revisão",Pack Ganhar dinheiro,VERIFICAR POR PRODUTO,Bônus 1 / pasta descompactada,AUDITADO / TRIAGEM
PLR-0224,Ganhar dinheiro,Dicas Top Secret eBay,ATUALIZAR,P2,MÉDIO,TÍTULO/PASTA,"R$ 19,90–39,90 após revisão",Pack Ganhar dinheiro,VERIFICAR POR PRODUTO,Bônus 1 / pasta descompactada,AUDITADO / TRIAGEM
PLR-0225,Ganhar dinheiro,Dicas incríveis de publicidade,ATUALIZAR,P2,MÉDIO,TÍTULO/PASTA,"R$ 19,90–39,90 após revisão",Pack Ganhar dinheiro,VERIFICAR POR PRODUTO,Bônus 1 / pasta descompactada,AUDITADO / TRIAGEM
PLR-0226,Ganhar dinheiro,Dia de Pagamento de 1 Hora,EXCLUIR,P3,ALTO,TÍTULO/PASTA,NÃO PUBLICAR,Pack Ganhar dinheiro,VERIFICAR POR PRODUTO,Bônus 1 / pasta descompactada,AUDITADO / TRIAGEM
PLR-0227,Ganhar dinheiro,Crie seu próprio produto em 5 etapas fáceis,ATUALIZAR,P2,MÉDIO,TÍTULO/PASTA,"R$ 19,90–39,90 após revisão",Pack Ganhar dinheiro,VERIFICAR POR PRODUTO,Bônus 1 / pasta descompactada,AUDITADO / TRIAGEM
PLR-0228,Ganhar dinheiro,Como vender suprimentos para festas,ATUALIZAR,P2,MÉDIO,TÍTULO/PASTA,"R$ 19,90–39,90 após revisão",Pack Ganhar dinheiro,VERIFICAR POR PRODUTO,Bônus 1 / pasta descompactada,AUDITADO / TRIAGEM
PLR-0229,Ganhar dinheiro,Criação de Ebook para leigos,ATUALIZAR,P2,MÉDIO,TÍTULO/PASTA,"R$ 19,90–39,90 após revisão",Pack Ganhar dinheiro,VERIFICAR POR PRODUTO,Bônus 1 / pasta descompactada,AUDITADO / TRIAGEM
PLR-0230,Ganhar dinheiro,Criação rápida de produtos de nicho simplificada,ATUALIZAR,P2,MÉDIO,TÍTULO/PASTA,"R$ 19,90–39,90 após revisão",Pack Ganhar dinheiro,VERIFICAR POR PRODUTO,Bônus 1 / pasta descompactada,AUDITADO / TRIAGEM
PLR-0231,Ganhar dinheiro,Criando um negócio on-line 101,ATUALIZAR,P2,MÉDIO,TÍTULO/PASTA,"R$ 19,90–39,90 após revisão",Pack Ganhar dinheiro,VERIFICAR POR PRODUTO,Bônus 1 / pasta descompactada,AUDITADO / TRIAGEM
PLR-0232,Ganhar dinheiro,Como Vender Software,ATUALIZAR,P2,MÉDIO,TÍTULO/PASTA,"R$ 19,90–39,90 após revisão",Pack Ganhar dinheiro,VERIFICAR POR PRODUTO,Bônus 1 / pasta descompactada,AUDITADO / TRIAGEM
PLR-0233,Ganhar dinheiro,Como vender produtos para gramado e jardim,ATUALIZAR,P2,MÉDIO,TÍTULO/PASTA,"R$ 19,90–39,90 após revisão",Pack Ganhar dinheiro,VERIFICAR POR PRODUTO,Bônus 1 / pasta descompactada,AUDITADO / TRIAGEM
PLR-0234,Ganhar dinheiro,Como vender roupas,ATUALIZAR,P2,MÉDIO,TÍTULO/PASTA,"R$ 19,90–39,90 após revisão",Pack Ganhar dinheiro,VERIFICAR POR PRODUTO,Bônus 1 / pasta descompactada,AUDITADO / TRIAGEM
PLR-0235,Ganhar dinheiro,Como vender produtos para bebês,ATUALIZAR,P2,MÉDIO,TÍTULO/PASTA,"R$ 19,90–39,90 após revisão",Pack Ganhar dinheiro,VERIFICAR POR PRODUTO,Bônus 1 / pasta descompactada,AUDITADO / TRIAGEM
PLR-0236,Ganhar dinheiro,Como vender produtos para animais de estimação,ATUALIZAR,P2,MÉDIO,TÍTULO/PASTA,"R$ 19,90–39,90 após revisão",Pack Ganhar dinheiro,VERIFICAR POR PRODUTO,Bônus 1 / pasta descompactada,AUDITADO / TRIAGEM
PLR-0237,Ganhar dinheiro,Como vender produtos dietéticos,ATUALIZAR,P2,MÉDIO,TÍTULO/PASTA,"R$ 19,90–39,90 após revisão",Pack Ganhar dinheiro,VERIFICAR POR PRODUTO,Bônus 1 / pasta descompactada,AUDITADO / TRIAGEM
PLR-0238,Ganhar dinheiro,Como vender produtos de melhoramento da casa,ATUALIZAR,P2,MÉDIO,TÍTULO/PASTA,"R$ 19,90–39,90 após revisão",Pack Ganhar dinheiro,VERIFICAR POR PRODUTO,Bônus 1 / pasta descompactada,AUDITADO / TRIAGEM
PLR-0239,Ganhar dinheiro,Como vender música,ATUALIZAR,P2,MÉDIO,TÍTULO/PASTA,"R$ 19,90–39,90 após revisão",Pack Ganhar dinheiro,VERIFICAR POR PRODUTO,Bônus 1 / pasta descompactada,AUDITADO / TRIAGEM
PLR-0240,Ganhar dinheiro,Como vender jogos de vídeo,ATUALIZAR,P2,MÉDIO,TÍTULO/PASTA,"R$ 19,90–39,90 após revisão",Pack Ganhar dinheiro,VERIFICAR POR PRODUTO,Bônus 1 / pasta descompactada,AUDITADO / TRIAGEM
PLR-0241,Ganhar dinheiro,Como vender jóias,ATUALIZAR,P2,MÉDIO,TÍTULO/PASTA,"R$ 19,90–39,90 após revisão",Pack Ganhar dinheiro,VERIFICAR POR PRODUTO,Bônus 1 / pasta descompactada,AUDITADO / TRIAGEM
PLR-0242,Ganhar dinheiro,Como vender livros e revistas,ATUALIZAR,P2,MÉDIO,TÍTULO/PASTA,"R$ 19,90–39,90 após revisão",Pack Ganhar dinheiro,VERIFICAR POR PRODUTO,Bônus 1 / pasta descompactada,AUDITADO / TRIAGEM
PLR-0243,Ganhar dinheiro,Como Vender Móveis,ATUALIZAR,P2,MÉDIO,TÍTULO/PASTA,"R$ 19,90–39,90 após revisão",Pack Ganhar dinheiro,VERIFICAR POR PRODUTO,Bônus 1 / pasta descompactada,AUDITADO / TRIAGEM
PLR-0244,Ganhar dinheiro,Como vender filmes,ATUALIZAR,P2,MÉDIO,TÍTULO/PASTA,"R$ 19,90–39,90 após revisão",Pack Ganhar dinheiro,VERIFICAR POR PRODUTO,Bônus 1 / pasta descompactada,AUDITADO / TRIAGEM
PLR-0245,Ganhar dinheiro,Como vender equipamentos esportivos,ATUALIZAR,P2,MÉDIO,TÍTULO/PASTA,"R$ 19,90–39,90 após revisão",Pack Ganhar dinheiro,VERIFICAR POR PRODUTO,Bônus 1 / pasta descompactada,AUDITADO / TRIAGEM
PLR-0246,Ganhar dinheiro,Como vender cosméticos,ATUALIZAR,P2,MÉDIO,TÍTULO/PASTA,"R$ 19,90–39,90 após revisão",Pack Ganhar dinheiro,VERIFICAR POR PRODUTO,Bônus 1 / pasta descompactada,AUDITADO / TRIAGEM
PLR-0247,Ganhar dinheiro,Como Vender Eletrodomésticos,ATUALIZAR,P2,MÉDIO,TÍTULO/PASTA,"R$ 19,90–39,90 após revisão",Pack Ganhar dinheiro,VERIFICAR POR PRODUTO,Bônus 1 / pasta descompactada,AUDITADO / TRIAGEM
PLR-0248,Ganhar dinheiro,Como Vender Brinquedos,ATUALIZAR,P2,MÉDIO,TÍTULO/PASTA,"R$ 19,90–39,90 após revisão",Pack Ganhar dinheiro,VERIFICAR POR PRODUTO,Bônus 1 / pasta descompactada,AUDITADO / TRIAGEM
PLR-0249,Ganhar dinheiro,Como Ganhar Dinheiro Online com um Blog Blogger Gratuito,ATUALIZAR,P2,MÉDIO,TÍTULO/PASTA,"R$ 19,90–39,90 após revisão",Pack Ganhar dinheiro,VERIFICAR POR PRODUTO,Bônus 1 / pasta descompactada,AUDITADO / TRIAGEM
PLR-0250,Ganhar dinheiro,Como explodir suas vendas,ATUALIZAR,P2,MÉDIO,TÍTULO/PASTA,"R$ 19,90–39,90 após revisão",Pack Ganhar dinheiro,VERIFICAR POR PRODUTO,Bônus 1 / pasta descompactada,AUDITADO / TRIAGEM
PLR-0251,Ganhar dinheiro,Como determinar um preço justo do seu produto Serviço,ATUALIZAR,P2,MÉDIO,TÍTULO/PASTA,"R$ 19,90–39,90 após revisão",Pack Ganhar dinheiro,VERIFICAR POR PRODUTO,Bônus 1 / pasta descompactada,AUDITADO / TRIAGEM
PLR-0252,Ganhar dinheiro,Clientes Ilimitados Goldmine,ATUALIZAR,P2,MÉDIO,TÍTULO/PASTA,"R$ 19,90–39,90 após revisão",Pack Ganhar dinheiro,VERIFICAR POR PRODUTO,Bônus 1 / pasta descompactada,AUDITADO / TRIAGEM
PLR-0253,Ganhar dinheiro,Bass Fishing 101,ATUALIZAR,P2,MÉDIO,TÍTULO/PASTA,"R$ 19,90–39,90 após revisão",Pack Ganhar dinheiro,VERIFICAR POR PRODUTO,Bônus 1 / pasta descompactada,AUDITADO / TRIAGEM
PLR-0254,Ganhar dinheiro,Batendo a besta Goldmine,ATUALIZAR,P2,MÉDIO,TÍTULO/PASTA,"R$ 19,90–39,90 após revisão",Pack Ganhar dinheiro,VERIFICAR POR PRODUTO,Bônus 1 / pasta descompactada,AUDITADO / TRIAGEM
PLR-0255,Ganhar dinheiro,Bum Marketing Simplificado,ATUALIZAR,P2,MÉDIO,TÍTULO/PASTA,"R$ 19,90–39,90 após revisão",Pack Ganhar dinheiro,VERIFICAR POR PRODUTO,Bônus 1 / pasta descompactada,AUDITADO / TRIAGEM
PLR-0256,Ganhar dinheiro,Bússola de afiliados,ATUALIZAR,P2,MÉDIO,TÍTULO/PASTA,"R$ 19,90–39,90 após revisão",Pack Ganhar dinheiro,VERIFICAR POR PRODUTO,Bônus 1 / pasta descompactada,AUDITADO / TRIAGEM
PLR-0257,Ganhar dinheiro,7 Perguntas infames sobre direitos de revenda respondidas,ATUALIZAR,P2,MÉDIO,TÍTULO/PASTA,"R$ 19,90–39,90 após revisão",Pack Ganhar dinheiro,VERIFICAR POR PRODUTO,Bônus 1 / pasta descompactada,AUDITADO / TRIAGEM
PLR-0258,Ganhar dinheiro,Armadilhas do Marketing de Rede,ATUALIZAR,P2,MÉDIO,TÍTULO/PASTA,"R$ 19,90–39,90 após revisão",Pack Ganhar dinheiro,VERIFICAR POR PRODUTO,Bônus 1 / pasta descompactada,AUDITADO / TRIAGEM
PLR-0259,Ganhar dinheiro,7 dias para dinheiro fácil,ATUALIZAR,P2,MÉDIO,TÍTULO/PASTA,"R$ 19,90–39,90 após revisão",Pack Ganhar dinheiro,VERIFICAR POR PRODUTO,Bônus 1 / pasta descompactada,AUDITADO / TRIAGEM
PLR-0260,Ganhar dinheiro,62 maneiras de economizar dinheiro na bomba de gás,ATUALIZAR,P2,MÉDIO,TÍTULO/PASTA,"R$ 19,90–39,90 após revisão",Pack Ganhar dinheiro,VERIFICAR POR PRODUTO,Bônus 1 / pasta descompactada,AUDITADO / TRIAGEM
PLR-0261,Ganhar dinheiro,5 maneiras super fáceis de ganhar dinheiro offline,ATUALIZAR,P2,MÉDIO,TÍTULO/PASTA,"R$ 19,90–39,90 após revisão",Pack Ganhar dinheiro,VERIFICAR POR PRODUTO,Bônus 1 / pasta descompactada,AUDITADO / TRIAGEM
PLR-0262,Ganhar dinheiro,5 etapas rentáveis para criar produtos de informações,ATUALIZAR,P2,MÉDIO,TÍTULO/PASTA,"R$ 19,90–39,90 após revisão",Pack Ganhar dinheiro,VERIFICAR POR PRODUTO,Bônus 1 / pasta descompactada,AUDITADO / TRIAGEM
PLR-0263,Ganhar dinheiro,15 principais maneiras de economizar dinheiro,ATUALIZAR,P2,MÉDIO,TÍTULO/PASTA,"R$ 19,90–39,90 após revisão",Pack Ganhar dinheiro,VERIFICAR POR PRODUTO,Bônus 1 / pasta descompactada,AUDITADO / TRIAGEM
PLR-0264,Ganhar dinheiro,1000 em uma semana no eBay,EXCLUIR,P3,ALTO,TÍTULO/PASTA,NÃO PUBLICAR,Pack Ganhar dinheiro,VERIFICAR POR PRODUTO,Bônus 1 / pasta descompactada,AUDITADO / TRIAGEM
PLR-0265,Gravidez,Preparação para emergências,REVISÃO ESPECIALIZADA,P2,ALTO,TÍTULO/PASTA,Definir após revisão,Pack Gravidez,VERIFICAR POR PRODUTO,Bônus 1 / pasta descompactada,AUDITADO / TRIAGEM
PLR-0266,Gravidez,O melhor guia para baby boomers,REVISÃO ESPECIALIZADA,P2,ALTO,TÍTULO/PASTA,Definir após revisão,Pack Gravidez,VERIFICAR POR PRODUTO,Bônus 1 / pasta descompactada,AUDITADO / TRIAGEM
PLR-0267,Gravidez,Genealogia,REVISÃO ESPECIALIZADA,P2,ALTO,TÍTULO/PASTA,Definir após revisão,Pack Gravidez,VERIFICAR POR PRODUTO,Bônus 1 / pasta descompactada,AUDITADO / TRIAGEM
PLR-0268,Gravidez,Chá de bebê revelado,REVISÃO ESPECIALIZADA,P2,ALTO,TÍTULO/PASTA,Definir após revisão,Pack Gravidez,VERIFICAR POR PRODUTO,Bônus 1 / pasta descompactada,AUDITADO / TRIAGEM
PLR-0269,Gravidez,5 maneiras de se livrar da gordura do bebê,REVISÃO ESPECIALIZADA,P2,ALTO,TÍTULO/PASTA,Definir após revisão,Pack Gravidez,VERIFICAR POR PRODUTO,Bônus 1 / pasta descompactada,AUDITADO / TRIAGEM
PLR-0270,Idiomas,Segredos do enigma de Sudoku,ATUALIZAR,P2,MÉDIO,TÍTULO/PASTA,"R$ 19,90–39,90 após revisão",Pack Idiomas,VERIFICAR POR PRODUTO,Bônus 1 / pasta descompactada,AUDITADO / TRIAGEM
PLR-0271,Idiomas,Noções básicas de franquia,ATUALIZAR,P2,MÉDIO,TÍTULO/PASTA,"R$ 19,90–39,90 após revisão",Pack Idiomas,VERIFICAR POR PRODUTO,Bônus 1 / pasta descompactada,AUDITADO / TRIAGEM
PLR-0272,Idiomas,O Grande Livro de Histórias Clássicas de Natal,ATUALIZAR,P2,MÉDIO,TÍTULO/PASTA,"R$ 19,90–39,90 após revisão",Pack Idiomas,VERIFICAR POR PRODUTO,Bônus 1 / pasta descompactada,AUDITADO / TRIAGEM
PLR-0273,Idiomas,Guia para iniciantes em aprender chinês,ATUALIZAR,P2,MÉDIO,TÍTULO/PASTA,"R$ 19,90–39,90 após revisão",Pack Idiomas,VERIFICAR POR PRODUTO,Bônus 1 / pasta descompactada,AUDITADO / TRIAGEM
PLR-0274,Idiomas,FengShui,ATUALIZAR,P2,MÉDIO,TÍTULO/PASTA,"R$ 19,90–39,90 após revisão",Pack Idiomas,VERIFICAR POR PRODUTO,Bônus 1 / pasta descompactada,AUDITADO / TRIAGEM
PLR-0275,Fitness,Segredos para dentes mais brancos,REVISÃO ESPECIALIZADA,P2,ALTO,TÍTULO/PASTA,Definir após revisão,Pack Bem-estar (após revisão),VERIFICAR POR PRODUTO,Bônus 1 / pasta descompactada,AUDITADO / TRIAGEM
PLR-0276,Fitness,Massa Muscular,REVISÃO ESPECIALIZADA,P2,ALTO,TÍTULO/PASTA,Definir após revisão,Pack Bem-estar (após revisão),VERIFICAR POR PRODUTO,Bônus 1 / pasta descompactada,AUDITADO / TRIAGEM
PLR-0277,Espiritualismo,Alcançar uma vida próspera através do fortalec,ATUALIZAR,P2,MÉDIO,TÍTULO/PASTA,"R$ 19,90–39,90 após revisão",Pack Espiritualismo,VERIFICAR POR PRODUTO,Bônus 1 / pasta descompactada,AUDITADO / TRIAGEM
PLR-0278,Casamento,O discurso perfeito do casamento,PUBLICAR APÓS QA,P1,BAIXO/MÉDIO,TÍTULO/PASTA,"R$ 14,90–29,90",Pack Relacionamentos,VERIFICAR POR PRODUTO,Bônus 1 / pasta descompactada,AUDITADO / TRIAGEM
PLR-0279,Email marketing,Segredos Optin,ATUALIZAR,P2,MÉDIO,TÍTULO/PASTA,"R$ 19,90–39,90 após revisão",Pack Marketing Digital,VERIFICAR POR PRODUTO,Bônus 1 / pasta descompactada,AUDITADO / TRIAGEM
PLR-0280,Email marketing,Segredos da lista de discussão,ATUALIZAR,P2,MÉDIO,TÍTULO/PASTA,"R$ 19,90–39,90 após revisão",Pack Marketing Digital,VERIFICAR POR PRODUTO,Bônus 1 / pasta descompactada,AUDITADO / TRIAGEM
PLR-0281,Email marketing,Os 10 principais erros de construção de listas,ATUALIZAR,P2,MÉDIO,TÍTULO/PASTA,"R$ 19,90–39,90 após revisão",Pack Marketing Digital,VERIFICAR POR PRODUTO,Bônus 1 / pasta descompactada,AUDITADO / TRIAGEM
PLR-0282,Email marketing,Optar pela criação de listas para iniciantes,ATUALIZAR,P2,MÉDIO,TÍTULO/PASTA,"R$ 19,90–39,90 após revisão",Pack Marketing Digital,VERIFICAR POR PRODUTO,Bônus 1 / pasta descompactada,AUDITADO / TRIAGEM
PLR-0283,Email marketing,Marketing de relacionamento com e-mails,ATUALIZAR,P2,MÉDIO,TÍTULO/PASTA,"R$ 19,90–39,90 após revisão",Pack Marketing Digital,VERIFICAR POR PRODUTO,Bônus 1 / pasta descompactada,AUDITADO / TRIAGEM
PLR-0284,Email marketing,Marketing de e-mail de primeira qualidade,ATUALIZAR,P2,MÉDIO,TÍTULO/PASTA,"R$ 19,90–39,90 após revisão",Pack Marketing Digital,VERIFICAR POR PRODUTO,Bônus 1 / pasta descompactada,AUDITADO / TRIAGEM
PLR-0285,Email marketing,Funis de vendas da lista de email,ATUALIZAR,P2,MÉDIO,TÍTULO/PASTA,"R$ 19,90–39,90 após revisão",Pack Marketing Digital,VERIFICAR POR PRODUTO,Bônus 1 / pasta descompactada,AUDITADO / TRIAGEM
PLR-0286,Email marketing,List Building Essentials,ATUALIZAR,P2,MÉDIO,TÍTULO/PASTA,"R$ 19,90–39,90 após revisão",Pack Marketing Digital,VERIFICAR POR PRODUTO,Bônus 1 / pasta descompactada,AUDITADO / TRIAGEM
PLR-0287,Email marketing,Estratégias de construção de lista que realmente funcionam,ATUALIZAR,P2,MÉDIO,TÍTULO/PASTA,"R$ 19,90–39,90 após revisão",Pack Marketing Digital,VERIFICAR POR PRODUTO,Bônus 1 / pasta descompactada,AUDITADO / TRIAGEM
PLR-0288,Email marketing,Edifício da lista EZ,ATUALIZAR,P2,MÉDIO,TÍTULO/PASTA,"R$ 19,90–39,90 após revisão",Pack Marketing Digital,VERIFICAR POR PRODUTO,Bônus 1 / pasta descompactada,AUDITADO / TRIAGEM
PLR-0289,Email marketing,Edifício Optimist,ATUALIZAR,P2,MÉDIO,TÍTULO/PASTA,"R$ 19,90–39,90 após revisão",Pack Marketing Digital,VERIFICAR POR PRODUTO,Bônus 1 / pasta descompactada,AUDITADO / TRIAGEM
PLR-0290,Email marketing,Email Marketing para Iniciantes,ATUALIZAR,P2,MÉDIO,TÍTULO/PASTA,"R$ 19,90–39,90 após revisão",Pack Marketing Digital,VERIFICAR POR PRODUTO,Bônus 1 / pasta descompactada,AUDITADO / TRIAGEM
PLR-0291,Email marketing,Email Marketing simplificado,ATUALIZAR,P2,MÉDIO,TÍTULO/PASTA,"R$ 19,90–39,90 após revisão",Pack Marketing Digital,VERIFICAR POR PRODUTO,Bônus 1 / pasta descompactada,AUDITADO / TRIAGEM
PLR-0292,Email marketing,E-mail marketing de AZ,ATUALIZAR,P2,MÉDIO,TÍTULO/PASTA,"R$ 19,90–39,90 após revisão",Pack Marketing Digital,VERIFICAR POR PRODUTO,Bônus 1 / pasta descompactada,AUDITADO / TRIAGEM
PLR-0293,Email marketing,Conversões máximas,ATUALIZAR,P2,MÉDIO,TÍTULO/PASTA,"R$ 19,90–39,90 após revisão",Pack Marketing Digital,VERIFICAR POR PRODUTO,Bônus 1 / pasta descompactada,AUDITADO / TRIAGEM
PLR-0294,Email marketing,Criação de lista para iniciantes,ATUALIZAR,P2,MÉDIO,TÍTULO/PASTA,"R$ 19,90–39,90 após revisão",Pack Marketing Digital,VERIFICAR POR PRODUTO,Bônus 1 / pasta descompactada,AUDITADO / TRIAGEM
PLR-0295,Email marketing,Criação de Lista Simplificada,ATUALIZAR,P2,MÉDIO,TÍTULO/PASTA,"R$ 19,90–39,90 após revisão",Pack Marketing Digital,VERIFICAR POR PRODUTO,Bônus 1 / pasta descompactada,AUDITADO / TRIAGEM
PLR-0296,Email marketing,Construção de lista de resposta rápida,ATUALIZAR,P2,MÉDIO,TÍTULO/PASTA,"R$ 19,90–39,90 após revisão",Pack Marketing Digital,VERIFICAR POR PRODUTO,Bônus 1 / pasta descompactada,AUDITADO / TRIAGEM
PLR-0297,Email marketing,Como escrever e-mails de sucesso,ATUALIZAR,P2,MÉDIO,TÍTULO/PASTA,"R$ 19,90–39,90 após revisão",Pack Marketing Digital,VERIFICAR POR PRODUTO,Bônus 1 / pasta descompactada,AUDITADO / TRIAGEM
PLR-0298,Email marketing,7 Construção da lista de figuras,ATUALIZAR,P2,MÉDIO,TÍTULO/PASTA,"R$ 19,90–39,90 após revisão",Pack Marketing Digital,VERIFICAR POR PRODUTO,Bônus 1 / pasta descompactada,AUDITADO / TRIAGEM
PLR-0299,Emprego,Seu Guia Básico para Atingir Qualquer Entrevista de Emprego,PUBLICAR APÓS QA,P1,BAIXO/MÉDIO,TÍTULO/PASTA,"R$ 14,90–29,90",Pack Carreira & Desenvolvimento,VERIFICAR POR PRODUTO,Bônus 1 / pasta descompactada,AUDITADO / TRIAGEM
PLR-0300,Cães e pets,Como treinar o seu cachorro,PUBLICAR APÓS QA,P1,BAIXO/MÉDIO,CONTEÚDO LIDO,"R$ 14,90–29,90",Pack Pets,VERIFICAR POR PRODUTO,Bônus 1 / pasta descompactada,AUDITADO / TRIAGEM
PLR-0301,Cães e pets,Cuidados com o Cão para iniciantes,PUBLICAR APÓS QA,P1,BAIXO/MÉDIO,PACOTE/AMOSTRA,"R$ 14,90–29,90",Pack Pets,VERIFICAR POR PRODUTO,Bônus 1 / pasta descompactada,AUDITADO / TRIAGEM
PLR-0302,Cães e pets,Saúde do cão exposta,REVISÃO ESPECIALIZADA,P2,ALTO,PACOTE/AMOSTRA,Definir após revisão,Pack Pets,VERIFICAR POR PRODUTO,Bônus 1 / pasta descompactada,AUDITADO / TRIAGEM
PLR-0303,Automóveis,Um Curso de Torneamento de Madeira,ATUALIZAR,P2,MÉDIO,TÍTULO/PASTA,"R$ 19,90–39,90 após revisão",Pack Automóveis,VERIFICAR POR PRODUTO,Bônus 1 / pasta descompactada,AUDITADO / TRIAGEM
PLR-0304,Automóveis,Scooters e outros veículos com baixo consumo de combustível,ATUALIZAR,P2,MÉDIO,TÍTULO/PASTA,"R$ 19,90–39,90 após revisão",Pack Automóveis,VERIFICAR POR PRODUTO,Bônus 1 / pasta descompactada,AUDITADO / TRIAGEM
PLR-0305,Automóveis,Carros híbridos,ATUALIZAR,P2,MÉDIO,TÍTULO/PASTA,"R$ 19,90–39,90 após revisão",Pack Automóveis,VERIFICAR POR PRODUTO,Bônus 1 / pasta descompactada,AUDITADO / TRIAGEM
PLR-0306,Segurança digital,Segurança do PC,ATUALIZAR,P2,MÉDIO,TÍTULO/PASTA,"R$ 19,90–39,90 após revisão",Pack Segurança digital,VERIFICAR POR PRODUTO,Bônus 1 / pasta descompactada,AUDITADO / TRIAGEM
PLR-0307,Segurança digital,Proteção Legal Online,ATUALIZAR,P2,MÉDIO,TÍTULO/PASTA,"R$ 19,90–39,90 após revisão",Pack Segurança digital,VERIFICAR POR PRODUTO,Bônus 1 / pasta descompactada,AUDITADO / TRIAGEM
PLR-0308,Segurança digital,Percevejos,ATUALIZAR,P2,MÉDIO,TÍTULO/PASTA,"R$ 19,90–39,90 após revisão",Pack Segurança digital,VERIFICAR POR PRODUTO,Bônus 1 / pasta descompactada,AUDITADO / TRIAGEM
PLR-0309,Segurança digital,Guia de Segurança,ATUALIZAR,P2,MÉDIO,TÍTULO/PASTA,"R$ 19,90–39,90 após revisão",Pack Segurança digital,VERIFICAR POR PRODUTO,Bônus 1 / pasta descompactada,AUDITADO / TRIAGEM
PLR-0310,Segurança digital,Como se proteger contra roubo de identidade,ATUALIZAR,P2,MÉDIO,TÍTULO/PASTA,"R$ 19,90–39,90 após revisão",Pack Segurança digital,VERIFICAR POR PRODUTO,Bônus 1 / pasta descompactada,AUDITADO / TRIAGEM
PLR-0311,Segurança digital,Como se proteger de spyware e adware,ATUALIZAR,P2,MÉDIO,TÍTULO/PASTA,"R$ 19,90–39,90 após revisão",Pack Segurança digital,VERIFICAR POR PRODUTO,Bônus 1 / pasta descompactada,AUDITADO / TRIAGEM
PLR-0312,Segurança digital,Dispositivos de economia de gás,ATUALIZAR,P2,MÉDIO,TÍTULO/PASTA,"R$ 19,90–39,90 após revisão",Pack Segurança digital,VERIFICAR POR PRODUTO,Bônus 1 / pasta descompactada,AUDITADO / TRIAGEM
PLR-0313,Segurança digital,Exploração do site do alimentador,ATUALIZAR,P2,MÉDIO,TÍTULO/PASTA,"R$ 19,90–39,90 após revisão",Pack Segurança digital,VERIFICAR POR PRODUTO,Bônus 1 / pasta descompactada,AUDITADO / TRIAGEM
PLR-0314,Saúde,Um guia completo para cuidados com os cabelos no verão,REVISÃO ESPECIALIZADA,P2,ALTO,TÍTULO/PASTA,Definir após revisão,Pack Bem-estar (após revisão),VERIFICAR POR PRODUTO,Bônus 1 / pasta descompactada,AUDITADO / TRIAGEM
PLR-0315,Saúde,Torradeiras livro de mão,REVISÃO ESPECIALIZADA,P2,ALTO,TÍTULO/PASTA,Definir após revisão,Pack Bem-estar (após revisão),VERIFICAR POR PRODUTO,Bônus 1 / pasta descompactada,AUDITADO / TRIAGEM
PLR-0316,Saúde,Seja seu próprio médico,EXCLUIR,P3,ALTO,TÍTULO/PASTA,NÃO PUBLICAR,Pack Bem-estar (após revisão),VERIFICAR POR PRODUTO,Bônus 1 / pasta descompactada,AUDITADO / TRIAGEM
PLR-0317,Saúde,Remédios de pânico de emergência,EXCLUIR,P3,ALTO,TÍTULO/PASTA,NÃO PUBLICAR,Pack Bem-estar (após revisão),VERIFICAR POR PRODUTO,Bônus 1 / pasta descompactada,AUDITADO / TRIAGEM
PLR-0318,Saúde,Ronco e você,REVISÃO ESPECIALIZADA,P2,ALTO,TÍTULO/PASTA,Definir após revisão,Pack Bem-estar (após revisão),VERIFICAR POR PRODUTO,Bônus 1 / pasta descompactada,AUDITADO / TRIAGEM
PLR-0319,Saúde,Melhores escolhas Melhor vida,REVISÃO ESPECIALIZADA,P2,ALTO,TÍTULO/PASTA,Definir após revisão,Pack Bem-estar (após revisão),VERIFICAR POR PRODUTO,Bônus 1 / pasta descompactada,AUDITADO / TRIAGEM
PLR-0320,Saúde,Medicina Holística e Alternativa,REVISÃO ESPECIALIZADA,P2,ALTO,TÍTULO/PASTA,Definir após revisão,Pack Bem-estar (após revisão),VERIFICAR POR PRODUTO,Bônus 1 / pasta descompactada,AUDITADO / TRIAGEM
PLR-0321,Saúde,Mais sobre clareamento dental,REVISÃO ESPECIALIZADA,P2,ALTO,TÍTULO/PASTA,Definir após revisão,Pack Bem-estar (após revisão),VERIFICAR POR PRODUTO,Bônus 1 / pasta descompactada,AUDITADO / TRIAGEM
PLR-0322,Saúde,Durma bem,REVISÃO ESPECIALIZADA,P2,ALTO,CONTEÚDO LIDO,Definir após revisão,Pack Bem-estar (após revisão),VERIFICAR POR PRODUTO,Bônus 1 / pasta descompactada,AUDITADO / TRIAGEM
PLR-0323,Saúde,Ganhar muito com a indústria de saúde e bem-estar,REVISÃO ESPECIALIZADA,P2,ALTO,TÍTULO/PASTA,Definir após revisão,Pack Bem-estar (após revisão),VERIFICAR POR PRODUTO,Bônus 1 / pasta descompactada,AUDITADO / TRIAGEM
PLR-0324,Saúde,Gestão de Stress,REVISÃO ESPECIALIZADA,P2,ALTO,TÍTULO/PASTA,Definir após revisão,Pack Bem-estar (após revisão),VERIFICAR POR PRODUTO,Bônus 1 / pasta descompactada,AUDITADO / TRIAGEM
PLR-0325,Saúde,Lidar com o estresse na vida,REVISÃO ESPECIALIZADA,P2,ALTO,TÍTULO/PASTA,Definir após revisão,Pack Bem-estar (após revisão),VERIFICAR POR PRODUTO,Bônus 1 / pasta descompactada,AUDITADO / TRIAGEM
PLR-0326,Saúde,Domínio de violino,REVISÃO ESPECIALIZADA,P2,ALTO,TÍTULO/PASTA,Definir após revisão,Pack Bem-estar (após revisão),VERIFICAR POR PRODUTO,Bônus 1 / pasta descompactada,AUDITADO / TRIAGEM
PLR-0327,Saúde,Como eliminar o estresse e a ansiedade da sua vida,REVISÃO ESPECIALIZADA,P2,ALTO,TÍTULO/PASTA,Definir após revisão,Pack Bem-estar (após revisão),VERIFICAR POR PRODUTO,Bônus 1 / pasta descompactada,AUDITADO / TRIAGEM
PLR-0328,Saúde,Cure-se do zumbido,EXCLUIR,P3,ALTO,TÍTULO/PASTA,NÃO PUBLICAR,Pack Bem-estar (após revisão),VERIFICAR POR PRODUTO,Bônus 1 / pasta descompactada,AUDITADO / TRIAGEM
PLR-0329,Saúde,Autodefesa para manequins,REVISÃO ESPECIALIZADA,P2,ALTO,TÍTULO/PASTA,Definir após revisão,Pack Bem-estar (após revisão),VERIFICAR POR PRODUTO,Bônus 1 / pasta descompactada,AUDITADO / TRIAGEM
PLR-0330,Saúde,Acne compreensiva,REVISÃO ESPECIALIZADA,P2,ALTO,TÍTULO/PASTA,Definir após revisão,Pack Bem-estar (após revisão),VERIFICAR POR PRODUTO,Bônus 1 / pasta descompactada,AUDITADO / TRIAGEM
PLR-0331,Tráfego e SEO,Táticas de tráfego renegadas,ATUALIZAR,P2,MÉDIO,TÍTULO/PASTA,"R$ 19,90–39,90 após revisão",Pack Marketing Digital,VERIFICAR POR PRODUTO,Bônus 1 / pasta descompactada,AUDITADO / TRIAGEM
PLR-0332,Tráfego e SEO,Tráfego de mídia social,ATUALIZAR,P2,MÉDIO,TÍTULO/PASTA,"R$ 19,90–39,90 após revisão",Pack Marketing Digital,VERIFICAR POR PRODUTO,Bônus 1 / pasta descompactada,AUDITADO / TRIAGEM
PLR-0333,Tráfego e SEO,Sites da Web 2.0 expostos,ATUALIZAR,P2,MÉDIO,TÍTULO/PASTA,"R$ 19,90–39,90 após revisão",Pack Marketing Digital,VERIFICAR POR PRODUTO,Bônus 1 / pasta descompactada,AUDITADO / TRIAGEM
PLR-0334,Tráfego e SEO,Sucesso de SEO facilitado,ATUALIZAR,P2,MÉDIO,TÍTULO/PASTA,"R$ 19,90–39,90 após revisão",Pack Marketing Digital,VERIFICAR POR PRODUTO,Bônus 1 / pasta descompactada,AUDITADO / TRIAGEM
PLR-0335,Tráfego e SEO,SEO Extremo,ATUALIZAR,P2,MÉDIO,TÍTULO/PASTA,"R$ 19,90–39,90 após revisão",Pack Marketing Digital,VERIFICAR POR PRODUTO,Bônus 1 / pasta descompactada,AUDITADO / TRIAGEM
PLR-0336,Tráfego e SEO,Segredos Simples de PPC,ATUALIZAR,P2,MÉDIO,TÍTULO/PASTA,"R$ 19,90–39,90 após revisão",Pack Marketing Digital,VERIFICAR POR PRODUTO,Bônus 1 / pasta descompactada,AUDITADO / TRIAGEM
PLR-0337,Tráfego e SEO,Search Engine Manifesto,ATUALIZAR,P2,MÉDIO,TÍTULO/PASTA,"R$ 19,90–39,90 após revisão",Pack Marketing Digital,VERIFICAR POR PRODUTO,Bônus 1 / pasta descompactada,AUDITADO / TRIAGEM
PLR-0338,Tráfego e SEO,Mecânico de Tráfego na Web,ATUALIZAR,P2,MÉDIO,TÍTULO/PASTA,"R$ 19,90–39,90 após revisão",Pack Marketing Digital,VERIFICAR POR PRODUTO,Bônus 1 / pasta descompactada,AUDITADO / TRIAGEM
PLR-0339,Tráfego e SEO,Métodos de geração de tráfego online,ATUALIZAR,P2,MÉDIO,TÍTULO/PASTA,"R$ 19,90–39,90 após revisão",Pack Marketing Digital,VERIFICAR POR PRODUTO,Bônus 1 / pasta descompactada,AUDITADO / TRIAGEM
PLR-0340,Tráfego e SEO,Pesquisa de palavras-chave desmistificada,ATUALIZAR,P2,MÉDIO,TÍTULO/PASTA,"R$ 19,90–39,90 após revisão",Pack Marketing Digital,VERIFICAR POR PRODUTO,Bônus 1 / pasta descompactada,AUDITADO / TRIAGEM
PLR-0341,Tráfego e SEO,PPC facilitado,ATUALIZAR,P2,MÉDIO,TÍTULO/PASTA,"R$ 19,90–39,90 após revisão",Pack Marketing Digital,VERIFICAR POR PRODUTO,Bônus 1 / pasta descompactada,AUDITADO / TRIAGEM
PLR-0342,Tráfego e SEO,Principais fontes de backlinks gratuitos,ATUALIZAR,P2,MÉDIO,TÍTULO/PASTA,"R$ 19,90–39,90 após revisão",Pack Marketing Digital,VERIFICAR POR PRODUTO,Bônus 1 / pasta descompactada,AUDITADO / TRIAGEM
PLR-0343,Tráfego e SEO,Maneiras gratuitas e de baixo custo para aumentar o tráfego,ATUALIZAR,P2,MÉDIO,TÍTULO/PASTA,"R$ 19,90–39,90 após revisão",Pack Marketing Digital,VERIFICAR POR PRODUTO,Bônus 1 / pasta descompactada,AUDITADO / TRIAGEM
PLR-0344,Tráfego e SEO,Mastermind do tráfego,ATUALIZAR,P2,MÉDIO,TÍTULO/PASTA,"R$ 19,90–39,90 após revisão",Pack Marketing Digital,VERIFICAR POR PRODUTO,Bônus 1 / pasta descompactada,AUDITADO / TRIAGEM
PLR-0345,Tráfego e SEO,Guia do Insider para terceirizar seu edifício de backlink,ATUALIZAR,P2,MÉDIO,TÍTULO/PASTA,"R$ 19,90–39,90 após revisão",Pack Marketing Digital,VERIFICAR POR PRODUTO,Bônus 1 / pasta descompactada,AUDITADO / TRIAGEM
PLR-0346,Tráfego e SEO,10 maneiras de escrever anúncios mais eficazes,ATUALIZAR,P2,MÉDIO,TÍTULO/PASTA,"R$ 19,90–39,90 após revisão",Pack Marketing Digital,VERIFICAR POR PRODUTO,Bônus 1 / pasta descompactada,AUDITADO / TRIAGEM
PLR-0347,Tráfego e SEO,20 técnicas do Surefire para garantir a explosão da Web,ATUALIZAR,P2,MÉDIO,TÍTULO/PASTA,"R$ 19,90–39,90 após revisão",Pack Marketing Digital,VERIFICAR POR PRODUTO,Bônus 1 / pasta descompactada,AUDITADO / TRIAGEM
PLR-0348,Tráfego e SEO,Backlinks explosivos,ATUALIZAR,P2,MÉDIO,TÍTULO/PASTA,"R$ 19,90–39,90 após revisão",Pack Marketing Digital,VERIFICAR POR PRODUTO,Bônus 1 / pasta descompactada,AUDITADO / TRIAGEM
PLR-0349,Tráfego e SEO,Como obter uma classificação superior no Google,ATUALIZAR,P2,MÉDIO,TÍTULO/PASTA,"R$ 19,90–39,90 após revisão",Pack Marketing Digital,VERIFICAR POR PRODUTO,Bônus 1 / pasta descompactada,AUDITADO / TRIAGEM
PLR-0350,Blogging,VideoBlog Sensation,ATUALIZAR,P2,MÉDIO,TÍTULO/PASTA,"R$ 19,90–39,90 após revisão",Pack Marketing Digital,VERIFICAR POR PRODUTO,Bônus 1 / pasta descompactada,AUDITADO / TRIAGEM
PLR-0351,Blogging,O Blog Completo e o Tutorial de Ping,ATUALIZAR,P2,MÉDIO,TÍTULO/PASTA,"R$ 19,90–39,90 após revisão",Pack Marketing Digital,VERIFICAR POR PRODUTO,Bônus 1 / pasta descompactada,AUDITADO / TRIAGEM
PLR-0352,Blogging,Blogging Simplified,ATUALIZAR,P2,MÉDIO,TÍTULO/PASTA,"R$ 19,90–39,90 após revisão",Pack Marketing Digital,VERIFICAR POR PRODUTO,Bônus 1 / pasta descompactada,AUDITADO / TRIAGEM
PLR-0353,Blogging,Ganhar dinheiro com seu blog,ATUALIZAR,P2,MÉDIO,TÍTULO/PASTA,"R$ 19,90–39,90 após revisão",Pack Marketing Digital,VERIFICAR POR PRODUTO,Bônus 1 / pasta descompactada,AUDITADO / TRIAGEM
PLR-0354,Blogging,Lucros do blog,ATUALIZAR,P2,MÉDIO,TÍTULO/PASTA,"R$ 19,90–39,90 após revisão",Pack Marketing Digital,VERIFICAR POR PRODUTO,Bônus 1 / pasta descompactada,AUDITADO / TRIAGEM
PLR-0355,Blogging,Noções básicas de blogs para iniciantes,ATUALIZAR,P2,MÉDIO,TÍTULO/PASTA,"R$ 19,90–39,90 após revisão",Pack Marketing Digital,VERIFICAR POR PRODUTO,Bônus 1 / pasta descompactada,AUDITADO / TRIAGEM
PLR-0356,Tecnologia,Vá a cabo e recarregue sua conexão à Internet,ATUALIZAR,P2,MÉDIO,TÍTULO/PASTA,"R$ 19,90–39,90 após revisão",Pack Tecnologia,VERIFICAR POR PRODUTO,Bônus 1 / pasta descompactada,AUDITADO / TRIAGEM
PLR-0357,Tecnologia,Os 6 principais softwares de conversão de DVD para vídeo e iPod,EXCLUIR,P3,ALTO,TÍTULO/PASTA,NÃO PUBLICAR,Pack Tecnologia,VERIFICAR POR PRODUTO,Bônus 1 / pasta descompactada,AUDITADO / TRIAGEM
PLR-0358,Tecnologia,101 dicas poderosas para melhorar legalmente sua pontuação de crédito,ATUALIZAR,P2,MÉDIO/ALTO,TÍTULO/PASTA,"R$ 19,90–39,90 após revisão",Pack Tecnologia,VERIFICAR POR PRODUTO,Bônus 1 / pasta descompactada,AUDITADO / TRIAGEM
PLR-0359,Tecnologia,Como criar e configurar um banco de dados,ATUALIZAR,P2,MÉDIO,TÍTULO/PASTA,"R$ 19,90–39,90 após revisão",Pack Tecnologia,VERIFICAR POR PRODUTO,Bônus 1 / pasta descompactada,AUDITADO / TRIAGEM
PLR-0360,Tecnologia,Estufa crescente,ATUALIZAR,P2,MÉDIO,TÍTULO/PASTA,"R$ 19,90–39,90 após revisão",Pack Tecnologia,VERIFICAR POR PRODUTO,Bônus 1 / pasta descompactada,AUDITADO / TRIAGEM
PLR-0361,Tecnologia,O melhor guia para o iPod de vídeo,EXCLUIR,P3,ALTO,TÍTULO/PASTA,NÃO PUBLICAR,Pack Tecnologia,VERIFICAR POR PRODUTO,Bônus 1 / pasta descompactada,AUDITADO / TRIAGEM
PLR-0362,Viagens,Viaje com estilo,PUBLICAR APÓS QA,P1,BAIXO/MÉDIO,TÍTULO/PASTA,"R$ 14,90–29,90",Pack Viagens,VERIFICAR POR PRODUTO,Bônus 1 / pasta descompactada,AUDITADO / TRIAGEM
PLR-0363,Youtube Marketing,Marketing de vídeo simplificado,ATUALIZAR,P2,MÉDIO,TÍTULO/PASTA,"R$ 19,90–39,90 após revisão",Pack Marketing Digital,VERIFICAR POR PRODUTO,Bônus 1 / pasta descompactada,AUDITADO / TRIAGEM
PLR-0364,Youtube Marketing,Como obter 10 mil visualizações reais do YouTube em uma semana,EXCLUIR,P3,ALTO,TÍTULO/PASTA,NÃO PUBLICAR,Pack Marketing Digital,VERIFICAR POR PRODUTO,Bônus 1 / pasta descompactada,AUDITADO / TRIAGEM
PLR-0365,Tatuagens,Revelados fatos de tatuagem,PUBLICAR APÓS QA,P1,BAIXO/MÉDIO,TÍTULO/PASTA,"R$ 14,90–29,90",Pack Tatuagens,VERIFICAR POR PRODUTO,Bônus 1 / pasta descompactada,AUDITADO / TRIAGEM
PLR-0366,Relacionamentos,Reavivar o romance,PUBLICAR APÓS QA,P1,BAIXO/MÉDIO,PACOTE/AMOSTRA,"R$ 14,90–29,90",Pack Relacionamentos,VERIFICAR POR PRODUTO,ZIP auditado,AUDITADO / TRIAGEM
PLR-0367,Relacionamentos,Relacionamentos amorosos,PUBLICAR APÓS QA,P1,BAIXO/MÉDIO,PACOTE/AMOSTRA,"R$ 14,90–29,90",Pack Relacionamentos,VERIFICAR POR PRODUTO,ZIP auditado,AUDITADO / TRIAGEM
PLR-0368,Relacionamentos,Atraia o que quer,PUBLICAR APÓS QA,P1,BAIXO/MÉDIO,PACOTE/AMOSTRA,"R$ 14,90–29,90",Pack Relacionamentos,VERIFICAR POR PRODUTO,ZIP auditado,AUDITADO / TRIAGEM
PLR-0369,Relacionamentos,Tipos de personalidade Vark,PUBLICAR APÓS QA,P1,BAIXO/MÉDIO,PACOTE/AMOSTRA,"R$ 14,90–29,90",Pack Relacionamentos,VERIFICAR POR PRODUTO,ZIP auditado,AUDITADO / TRIAGEM
PLR-0370,Relacionamentos,Progress Speed Dating,PUBLICAR APÓS QA,P1,BAIXO/MÉDIO,PACOTE/AMOSTRA,"R$ 14,90–29,90",Pack Relacionamentos,VERIFICAR POR PRODUTO,ZIP auditado,AUDITADO / TRIAGEM
PLR-0371,Relacionamentos,Sexo e romance,PUBLICAR APÓS QA,P1,BAIXO/MÉDIO,PACOTE/AMOSTRA,"R$ 14,90–29,90",Pack Relacionamentos,VERIFICAR POR PRODUTO,ZIP auditado,AUDITADO / TRIAGEM
PLR-0372,Relacionamentos,Segredos de namoro online,PUBLICAR APÓS QA,P1,BAIXO/MÉDIO,PACOTE/AMOSTRA,"R$ 14,90–29,90",Pack Relacionamentos,VERIFICAR POR PRODUTO,ZIP auditado,AUDITADO / TRIAGEM
PLR-0373,Relacionamentos,Pergunte isso a garota,PUBLICAR APÓS QA,P1,BAIXO/MÉDIO,PACOTE/AMOSTRA,"R$ 14,90–29,90",Pack Relacionamentos,VERIFICAR POR PRODUTO,ZIP auditado,AUDITADO / TRIAGEM
PLR-0374,Alimentação e Dieta,Estilo de vida sem glúten,REVISÃO ESPECIALIZADA,P2,ALTO,PACOTE/AMOSTRA,Definir após revisão,Pack Culinária & Receitas,VERIFICAR POR PRODUTO,ZIP auditado,AUDITADO / TRIAGEM
PLR-0375,Alimentação e Dieta,Construa sua tribo,REVISÃO ESPECIALIZADA,P2,ALTO,PACOTE/AMOSTRA,Definir após revisão,Pack Culinária & Receitas,VERIFICAR POR PRODUTO,ZIP auditado,AUDITADO / TRIAGEM
PLR-0376,Alimentação e Dieta,Defendendo um estilo de vida vegetariano,REVISÃO ESPECIALIZADA,P2,ALTO,PACOTE/AMOSTRA,Definir após revisão,Pack Culinária & Receitas,VERIFICAR POR PRODUTO,ZIP auditado,AUDITADO / TRIAGEM
PLR-0377,Alimentação e Dieta,Receitas de chocolate e cacau,REVISÃO ESPECIALIZADA,P2,ALTO,PACOTE/AMOSTRA,Definir após revisão,Pack Culinária & Receitas,VERIFICAR POR PRODUTO,ZIP auditado,AUDITADO / TRIAGEM
PLR-0378,Alimentação e Dieta,Fundamentos da culinária,REVISÃO ESPECIALIZADA,P2,ALTO,PACOTE/AMOSTRA,Definir após revisão,Pack Culinária & Receitas,VERIFICAR POR PRODUTO,ZIP auditado,AUDITADO / TRIAGEM
PLR-0379,Alimentação e Dieta,101 dicas e técnicas para cozinhar como um chef,REVISÃO ESPECIALIZADA,P2,ALTO,PACOTE/AMOSTRA,Definir após revisão,Pack Culinária & Receitas,VERIFICAR POR PRODUTO,ZIP auditado,AUDITADO / TRIAGEM
PLR-0380,Alimentação e Dieta,Fazendo Chocolate 101,REVISÃO ESPECIALIZADA,P2,ALTO,PACOTE/AMOSTRA,Definir após revisão,Pack Culinária & Receitas,VERIFICAR POR PRODUTO,ZIP auditado,AUDITADO / TRIAGEM
PLR-0381,Alimentação e Dieta,Sinta comida completa,REVISÃO ESPECIALIZADA,P2,ALTO,PACOTE/AMOSTRA,Definir após revisão,Pack Culinária & Receitas,VERIFICAR POR PRODUTO,ZIP auditado,AUDITADO / TRIAGEM
PLR-0382,Alimentação e Dieta,Super Alimentos Urgentemente,REVISÃO ESPECIALIZADA,P2,ALTO,PACOTE/AMOSTRA,Definir após revisão,Pack Culinária & Receitas,VERIFICAR POR PRODUTO,ZIP auditado,AUDITADO / TRIAGEM
PLR-0383,Alimentação e Dieta,Culinária de Natal Simples,REVISÃO ESPECIALIZADA,P2,ALTO,PACOTE/AMOSTRA,Definir após revisão,Pack Culinária & Receitas,VERIFICAR POR PRODUTO,ZIP auditado,AUDITADO / TRIAGEM
PLR-0384,Alimentação e Dieta,Relatório de comer limpo,REVISÃO ESPECIALIZADA,P2,ALTO,PACOTE/AMOSTRA,Definir após revisão,Pack Culinária & Receitas,VERIFICAR POR PRODUTO,ZIP auditado,AUDITADO / TRIAGEM
PLR-0385,Alimentação e Dieta,Estratégias de molho secreto,REVISÃO ESPECIALIZADA,P2,ALTO,PACOTE/AMOSTRA,Definir após revisão,Pack Culinária & Receitas,VERIFICAR POR PRODUTO,ZIP auditado,AUDITADO / TRIAGEM
PLR-0386,Alimentação e Dieta,Segredos-de-Combinações-de-Alimentos,REVISÃO ESPECIALIZADA,P2,ALTO,PACOTE/AMOSTRA,Definir após revisão,Pack Culinária & Receitas,VERIFICAR POR PRODUTO,ZIP auditado,AUDITADO / TRIAGEM
PLR-0387,Alimentação e Dieta,As melhores receitas relacionadas com chocolate,REVISÃO ESPECIALIZADA,P2,ALTO,PACOTE/AMOSTRA,Definir após revisão,Pack Culinária & Receitas,VERIFICAR POR PRODUTO,ZIP auditado,AUDITADO / TRIAGEM
PLR-0388,Alimentação e Dieta,Segredos da Dieta Infantil,EXCLUIR,P3,ALTO,PACOTE/AMOSTRA,NÃO PUBLICAR,Pack Culinária & Receitas,VERIFICAR POR PRODUTO,ZIP auditado,AUDITADO / TRIAGEM
PLR-0389,Alimentação e Dieta,Métodos Secretos Para Queima de Calorias,REVISÃO ESPECIALIZADA,P2,ALTO,PACOTE/AMOSTRA,Definir após revisão,Pack Culinária & Receitas,VERIFICAR POR PRODUTO,ZIP auditado,AUDITADO / TRIAGEM
PLR-0390,Alimentação e Dieta,Queimando Calorias 24 Horas,REVISÃO ESPECIALIZADA,P2,ALTO,PACOTE/AMOSTRA,Definir após revisão,Pack Culinária & Receitas,VERIFICAR POR PRODUTO,ZIP auditado,AUDITADO / TRIAGEM
PLR-0391,Musculação,Kettlebell Bootcamp,REVISÃO ESPECIALIZADA,P2,ALTO,PACOTE/AMOSTRA,Definir após revisão,Pack Bem-estar (após revisão),VERIFICAR POR PRODUTO,ZIP auditado,AUDITADO / TRIAGEM
PLR-0392,Musculação,Modelo de massa de energia,REVISÃO ESPECIALIZADA,P2,ALTO,PACOTE/AMOSTRA,Definir após revisão,Pack Bem-estar (após revisão),VERIFICAR POR PRODUTO,ZIP auditado,AUDITADO / TRIAGEM
PLR-0393,Musculação,HI IT 2Fit,REVISÃO ESPECIALIZADA,P2,ALTO,PACOTE/AMOSTRA,Definir após revisão,Pack Bem-estar (após revisão),VERIFICAR POR PRODUTO,ZIP auditado,AUDITADO / TRIAGEM
PLR-0394,Musculação,Aptidão funcional,REVISÃO ESPECIALIZADA,P2,ALTO,PACOTE/AMOSTRA,Definir após revisão,Pack Bem-estar (após revisão),VERIFICAR POR PRODUTO,ZIP auditado,AUDITADO / TRIAGEM
PLR-0395,Musculação,Manual de treinamento funcional,REVISÃO ESPECIALIZADA,P2,ALTO,PACOTE/AMOSTRA,Definir após revisão,Pack Bem-estar (após revisão),VERIFICAR POR PRODUTO,ZIP auditado,AUDITADO / TRIAGEM
PLR-0396,Musculação,Você mais novo,REVISÃO ESPECIALIZADA,P2,ALTO,PACOTE/AMOSTRA,Definir após revisão,Pack Bem-estar (após revisão),VERIFICAR POR PRODUTO,ZIP auditado,AUDITADO / TRIAGEM
PLR-0397,Musculação,TRX Training Extreme,REVISÃO ESPECIALIZADA,P2,ALTO,PACOTE/AMOSTRA,Definir após revisão,Pack Bem-estar (após revisão),VERIFICAR POR PRODUTO,ZIP auditado,AUDITADO / TRIAGEM
PLR-0398,Musculação,Musculação da Bíblia Ocupada,REVISÃO ESPECIALIZADA,P2,ALTO,PACOTE/AMOSTRA,Definir após revisão,Pack Bem-estar (após revisão),VERIFICAR POR PRODUTO,ZIP auditado,AUDITADO / TRIAGEM
PLR-0399,Musculação,Manter o corpo,REVISÃO ESPECIALIZADA,P2,ALTO,PACOTE/AMOSTRA,Definir após revisão,Pack Bem-estar (após revisão),VERIFICAR POR PRODUTO,ZIP auditado,AUDITADO / TRIAGEM
PLR-0400,Musculação,Guerreiros do peso,REVISÃO ESPECIALIZADA,P2,ALTO,PACOTE/AMOSTRA,Definir após revisão,Pack Bem-estar (após revisão),VERIFICAR POR PRODUTO,ZIP auditado,AUDITADO / TRIAGEM
PLR-0401,Musculação,Engenharia química,EXCLUIR,P3,ALTO,PACOTE/AMOSTRA,NÃO PUBLICAR,Pack Bem-estar (após revisão),VERIFICAR POR PRODUTO,ZIP auditado,AUDITADO / TRIAGEM
PLR-0402,Viagem,Kit de afiliados de viagem,PUBLICAR APÓS QA,P1,BAIXO/MÉDIO,PACOTE/AMOSTRA,"R$ 14,90–29,90",Pack Viagens,VERIFICAR POR PRODUTO,ZIP auditado,AUDITADO / TRIAGEM
PLR-0403,Viagem,Dicas de Viagem,PUBLICAR APÓS QA,P1,BAIXO/MÉDIO,PACOTE/AMOSTRA,"R$ 14,90–29,90",Pack Viagens,VERIFICAR POR PRODUTO,ZIP auditado,AUDITADO / TRIAGEM
PLR-0404,Viagem,Erros de Viagem a Evitar,PUBLICAR APÓS QA,P1,BAIXO/MÉDIO,PACOTE/AMOSTRA,"R$ 14,90–29,90",Pack Viagens,VERIFICAR POR PRODUTO,ZIP auditado,AUDITADO / TRIAGEM
PLR-0405,Viagem,Especialista em viagens,PUBLICAR APÓS QA,P1,BAIXO/MÉDIO,PACOTE/AMOSTRA,"R$ 14,90–29,90",Pack Viagens,VERIFICAR POR PRODUTO,ZIP auditado,AUDITADO / TRIAGEM
PLR-0406,Viagem,O Guia para Mudar para o Exterior,PUBLICAR APÓS QA,P1,BAIXO/MÉDIO,PACOTE/AMOSTRA,"R$ 14,90–29,90",Pack Viagens,VERIFICAR POR PRODUTO,ZIP auditado,AUDITADO / TRIAGEM
PLR-0407,Viagem,Viaje com estilo,PUBLICAR APÓS QA,P1,BAIXO/MÉDIO,PACOTE/AMOSTRA,"R$ 14,90–29,90",Pack Viagens,VERIFICAR POR PRODUTO,ZIP auditado,AUDITADO / TRIAGEM
PLR-0408,Viagem,As regras de ouro para adquirir riqueza,PUBLICAR APÓS QA,P1,BAIXO/MÉDIO,PACOTE/AMOSTRA,"R$ 14,90–29,90",Pack Viagens,VERIFICAR POR PRODUTO,ZIP auditado,AUDITADO / TRIAGEM
PLR-0409,Viagem,Mundo de viagens,PUBLICAR APÓS QA,P1,BAIXO/MÉDIO,PACOTE/AMOSTRA,"R$ 14,90–29,90",Pack Viagens,VERIFICAR POR PRODUTO,ZIP auditado,AUDITADO / TRIAGEM
PLR-0410,Persuasão,Contratação de Design Gráfico,PUBLICAR APÓS QA,P1,BAIXO/MÉDIO,PACOTE/AMOSTRA,"R$ 14,90–29,90",Pack Marketing Digital,VERIFICAR POR PRODUTO,ZIP auditado,AUDITADO / TRIAGEM
PLR-0411,Persuasão,Estratégia de persuasão,PUBLICAR APÓS QA,P1,BAIXO/MÉDIO,PACOTE/AMOSTRA,"R$ 14,90–29,90",Pack Marketing Digital,VERIFICAR POR PRODUTO,ZIP auditado,AUDITADO / TRIAGEM
PLR-0412,Jardinagem,Azeite de oliva extra virgem,PUBLICAR APÓS QA,P1,BAIXO/MÉDIO,PACOTE/AMOSTRA,"R$ 14,90–29,90",Pack Casa & Jardim,VERIFICAR POR PRODUTO,ZIP auditado,AUDITADO / TRIAGEM
PLR-0413,Jardinagem,Plugins mais úteis,PUBLICAR APÓS QA,P1,BAIXO/MÉDIO,PACOTE/AMOSTRA,"R$ 14,90–29,90",Pack Casa & Jardim,VERIFICAR POR PRODUTO,ZIP auditado,AUDITADO / TRIAGEM
PLR-0414,Jardinagem,Compostagem de jardineiro orgânico,PUBLICAR APÓS QA,P1,BAIXO/MÉDIO,PACOTE/AMOSTRA,"R$ 14,90–29,90",Pack Casa & Jardim,VERIFICAR POR PRODUTO,ZIP auditado,AUDITADO / TRIAGEM
PLR-0415,Jardinagem,Jardinagem de Verão,PUBLICAR APÓS QA,P1,BAIXO/MÉDIO,PACOTE/AMOSTRA,"R$ 14,90–29,90",Pack Casa & Jardim,VERIFICAR POR PRODUTO,ZIP auditado,AUDITADO / TRIAGEM
PLR-0416,Design,Crie uma marca própria,PUBLICAR APÓS QA,P1,BAIXO/MÉDIO,PACOTE/AMOSTRA,"R$ 14,90–29,90",Pack Design,VERIFICAR POR PRODUTO,ZIP auditado,AUDITADO / TRIAGEM
PLR-0417,Design,Fácil-Kindle-Publishing-Lucro-De-Kindle-Singles,ATUALIZAR,P2,MÉDIO,PACOTE/AMOSTRA,"R$ 19,90–39,90 após revisão",Pack Design,VERIFICAR POR PRODUTO,ZIP auditado,AUDITADO / TRIAGEM
PLR-0418,Design,Construa seu personagem,PUBLICAR APÓS QA,P1,BAIXO/MÉDIO,PACOTE/AMOSTRA,"R$ 14,90–29,90",Pack Design,VERIFICAR POR PRODUTO,ZIP auditado,AUDITADO / TRIAGEM
PLR-0419,Decoração,Lean Manufacturing,PUBLICAR APÓS QA,P1,BAIXO/MÉDIO,PACOTE/AMOSTRA,"R$ 14,90–29,90",Pack Casa & Jardim,VERIFICAR POR PRODUTO,ZIP auditado,AUDITADO / TRIAGEM
PLR-0420,Astrologia,Princípios e práticas de astrologia,PUBLICAR APÓS QA,P1,BAIXO/MÉDIO,PACOTE/AMOSTRA,"R$ 14,90–29,90",Pack Astrologia,VERIFICAR POR PRODUTO,ZIP auditado,AUDITADO / TRIAGEM
PLR-0421,Coaching,Iniciar Biz de treinamento on-line,PUBLICAR APÓS QA,P1,BAIXO/MÉDIO,PACOTE/AMOSTRA,"R$ 14,90–29,90",Pack Carreira & Desenvolvimento,VERIFICAR POR PRODUTO,ZIP auditado,AUDITADO / TRIAGEM
PLR-0422,Coaching,eCoaching Success,PUBLICAR APÓS QA,P1,BAIXO/MÉDIO,PACOTE/AMOSTRA,"R$ 14,90–29,90",Pack Carreira & Desenvolvimento,VERIFICAR POR PRODUTO,ZIP auditado,AUDITADO / TRIAGEM
PLR-0423,Musica,Cuidados com a guitarra para iniciantes,PUBLICAR APÓS QA,P1,BAIXO/MÉDIO,PACOTE/AMOSTRA,"R$ 14,90–29,90",Pack Musica,VERIFICAR POR PRODUTO,ZIP auditado,AUDITADO / TRIAGEM
PLR-0424,Mágica,Vinagre de maçã,PUBLICAR APÓS QA,P1,BAIXO/MÉDIO,PACOTE/AMOSTRA,"R$ 14,90–29,90",Pack Mágica,VERIFICAR POR PRODUTO,ZIP auditado,AUDITADO / TRIAGEM
PLR-0425,Mágica,Consultoria-Magia,PUBLICAR APÓS QA,P1,BAIXO/MÉDIO,PACOTE/AMOSTRA,"R$ 14,90–29,90",Pack Mágica,VERIFICAR POR PRODUTO,ZIP auditado,AUDITADO / TRIAGEM
PLR-0426,Investimentos,Milionários modernos,ATUALIZAR,P2,MÉDIO/ALTO,PACOTE/AMOSTRA,"R$ 19,90–39,90 após revisão",Pack Finanças,VERIFICAR POR PRODUTO,ZIP auditado,AUDITADO / TRIAGEM
PLR-0427,Investimentos,Superestrela de Negociação de Forex,ATUALIZAR,P2,MÉDIO/ALTO,PACOTE/AMOSTRA,"R$ 19,90–39,90 após revisão",Pack Finanças,VERIFICAR POR PRODUTO,ZIP auditado,AUDITADO / TRIAGEM
PLR-0428,Investimentos,Investidor Anjo,ATUALIZAR,P2,MÉDIO/ALTO,PACOTE/AMOSTRA,"R$ 19,90–39,90 após revisão",Pack Finanças,VERIFICAR POR PRODUTO,ZIP auditado,AUDITADO / TRIAGEM
PLR-0429,Investimentos,Financiamento de Negócios,ATUALIZAR,P2,MÉDIO/ALTO,PACOTE/AMOSTRA,"R$ 19,90–39,90 após revisão",Pack Finanças,VERIFICAR POR PRODUTO,ZIP auditado,AUDITADO / TRIAGEM
PLR-0430,Investimentos,Investimento Imobiliário,ATUALIZAR,P2,MÉDIO/ALTO,PACOTE/AMOSTRA,"R$ 19,90–39,90 após revisão",Pack Finanças,VERIFICAR POR PRODUTO,ZIP auditado,AUDITADO / TRIAGEM
PLR-0431,Investimentos,Imóveis-lançando,ATUALIZAR,P2,MÉDIO/ALTO,PACOTE/AMOSTRA,"R$ 19,90–39,90 após revisão",Pack Finanças,VERIFICAR POR PRODUTO,ZIP auditado,AUDITADO / TRIAGEM
PLR-0432,Investimentos,Fundição Forex,ATUALIZAR,P2,MÉDIO/ALTO,PACOTE/AMOSTRA,"R$ 19,90–39,90 após revisão",Pack Finanças,VERIFICAR POR PRODUTO,ZIP auditado,AUDITADO / TRIAGEM
PLR-0433,Marketing de Rede,Marketing Líquido Livre da Dívida,ATUALIZAR,P2,MÉDIO,PACOTE/AMOSTRA,"R$ 19,90–39,90 após revisão",Pack Marketing de Rede,VERIFICAR POR PRODUTO,ZIP auditado,AUDITADO / TRIAGEM
PLR-0434,Marketing de Rede,Mecânica do Plano Diretor,ATUALIZAR,P2,MÉDIO,PACOTE/AMOSTRA,"R$ 19,90–39,90 após revisão",Pack Marketing de Rede,VERIFICAR POR PRODUTO,ZIP auditado,AUDITADO / TRIAGEM
PLR-0435,Marketing de Rede,Marketing de rede social-Extreme,ATUALIZAR,P2,MÉDIO,PACOTE/AMOSTRA,"R$ 19,90–39,90 após revisão",Pack Marketing de Rede,VERIFICAR POR PRODUTO,ZIP auditado,AUDITADO / TRIAGEM
PLR-0436,Marketing de Rede,Guia de Marketing de Rede,ATUALIZAR,P2,MÉDIO,PACOTE/AMOSTRA,"R$ 19,90–39,90 após revisão",Pack Marketing de Rede,VERIFICAR POR PRODUTO,ZIP auditado,AUDITADO / TRIAGEM
PLR-0437,Marketing de Rede,Rede-Marketing-Sobrevivência,ATUALIZAR,P2,MÉDIO,PACOTE/AMOSTRA,"R$ 19,90–39,90 após revisão",Pack Marketing de Rede,VERIFICAR POR PRODUTO,ZIP auditado,AUDITADO / TRIAGEM
